/*
SQLyog Ultimate v12.09 (64 bit)
MySQL - 10.1.19-MariaDB : Database - db_simpg
*********************************************************************
*/


/*!40101 SET NAMES utf8 */;

/*!40101 SET SQL_MODE=''*/;

/*!40014 SET @OLD_UNIQUE_CHECKS=@@UNIQUE_CHECKS, UNIQUE_CHECKS=0 */;
/*!40014 SET @OLD_FOREIGN_KEY_CHECKS=@@FOREIGN_KEY_CHECKS, FOREIGN_KEY_CHECKS=0 */;
/*!40101 SET @OLD_SQL_MODE=@@SQL_MODE, SQL_MODE='NO_AUTO_VALUE_ON_ZERO' */;
/*!40111 SET @OLD_SQL_NOTES=@@SQL_NOTES, SQL_NOTES=0 */;
/*Table structure for table `t_ubah_ari` */

DROP TABLE IF EXISTS `t_ubah_ari`;

CREATE TABLE `t_ubah_ari` (
  `id` int(10) NOT NULL AUTO_INCREMENT,
  `id_spta` int(10) DEFAULT NULL,
  `no_spta` varchar(20) DEFAULT NULL,
  `no_ba` varchar(100) DEFAULT NULL,
  `persen_brix_ari` double(4,2) DEFAULT NULL,
  `persen_pol_ari` double(4,2) DEFAULT NULL,
  `r_persen_brix_ari` double(4,2) DEFAULT NULL,
  `r_persen_pol_ari` double(4,2) DEFAULT NULL,
  `user_create` varchar(100) DEFAULT NULL,
  `tgl_create` datetime DEFAULT NULL,
  `user_approve` varchar(100) DEFAULT NULL,
  `tgl_approve` datetime DEFAULT NULL,
  `status` smallint(1) DEFAULT NULL,
  `alasan` varbinary(200) DEFAULT NULL,
  PRIMARY KEY (`id`)
) ENGINE=InnoDB AUTO_INCREMENT=3 DEFAULT CHARSET=latin1;

/*Table structure for table `t_ubah_selektor` */

DROP TABLE IF EXISTS `t_ubah_selektor`;

CREATE TABLE `t_ubah_selektor` (
  `id` int(10) NOT NULL AUTO_INCREMENT,
  `no_ba` varchar(50) DEFAULT NULL,
  `id_spta` int(10) DEFAULT NULL,
  `no_spta` varchar(20) DEFAULT NULL,
  `persno_mandor` varchar(20) DEFAULT NULL,
  `brix_sel` double(4,2) DEFAULT NULL,
  `ph_sel` double(4,2) DEFAULT NULL,
  `ditolak_sel` smallint(1) DEFAULT NULL,
  `r_perno_mandor` varchar(20) DEFAULT NULL,
  `r_brix_sel` double(4,2) DEFAULT NULL,
  `r_ph_sel` double(4,2) DEFAULT NULL,
  `r_ditolak_sel` smallint(1) DEFAULT NULL,
  `alasan` varchar(200) DEFAULT NULL,
  `status` smallint(1) DEFAULT NULL,
  `user_create` varchar(100) DEFAULT NULL,
  `tgl_create` datetime DEFAULT NULL,
  `user_approve` varchar(100) DEFAULT NULL,
  `tgl_approve` datetime DEFAULT NULL,
  PRIMARY KEY (`id`)
) ENGINE=InnoDB AUTO_INCREMENT=4 DEFAULT CHARSET=latin1;

/*Table structure for table `t_ubah_spta` */

DROP TABLE IF EXISTS `t_ubah_spta`;

CREATE TABLE `t_ubah_spta` (
  `id` int(10) NOT NULL AUTO_INCREMENT,
  `no_ba` varchar(50) DEFAULT NULL,
  `id_spta` int(10) DEFAULT NULL,
  `no_spta` varchar(20) DEFAULT NULL,
  `tebang_pg` smallint(1) DEFAULT NULL,
  `angkut_pg` smallint(1) DEFAULT NULL,
  `vendor` int(10) DEFAULT NULL,
  `rubah_tebang_pg` smallint(1) DEFAULT NULL,
  `tubah_angkut_pg` smallint(1) DEFAULT NULL,
  `rubah_vendor` int(10) DEFAULT NULL,
  `status` smallint(1) DEFAULT NULL COMMENT '1. buat 2. validasi',
  `tgl_create` datetime DEFAULT NULL,
  `user_create` varchar(20) DEFAULT NULL,
  `tgl_approve` datetime DEFAULT NULL,
  `user_approve` varchar(20) DEFAULT NULL,
  `alasan` text,
  PRIMARY KEY (`id`)
) ENGINE=InnoDB AUTO_INCREMENT=7 DEFAULT CHARSET=latin1;



insert into `tb_module` (`module_id`, `module_name`, `module_title`, `module_note`, `module_author`, `module_created`, `module_desc`, `module_db`, `module_db_key`, `module_type`, `module_config`, `module_lang`) values('140','trubahspta','Perubahan SPTA','form perubahan SPTA',NULL,'2018-05-28 19:00:04',NULL,'t_ubah_spta','id','addon','eyJ0YWJsZV9kY4oIonRfdWJh6F9zcHRho4w4cHJ1bWFyeV9rZXk4O4J1ZCosopZvcplfYi9sdWluoj2yLCJpbgJtXixheW9ldCoIeyJjbixlbWa4OjosonR1dGx3oj24RGF0YSBBcix1LERhdGE5UGVydWJh6GFuo4w4Zp9ybWF0oj24ZgJ1ZCosopR1cgBsYXk4O4JiZXJ06WNhbCJ9LCJzcWxfciVsZWN0oj24oFNFTEVDVCB0XgV4YWhfcgB0YSaqoEZST005dF9lYpF2XgNwdGE5o4w4cgFsXgd2ZXJ3oj24oFdoRVJFoHRfdWJh6F9zcHRhLp3koE3ToEmPVCBOVUxMo4w4cgFsXidybgVwoj24o4w4ZgJ1ZCoIWgs4Zp33bGQ4O4J1ZCosopFs6WFzoj24dF9lYpF2XgNwdGE4LCJsYWmndWFnZSoIWl0sopxhYpVsoj24SWQ4LCJi6WVgoj2wLCJkZXRh6Ww4OjAsonNvcnRhYpx3oj2wLCJzZWFyYi54OjEsopRvdimsbiFkoj2wLCJpcp9IZWa4OjEsond1ZHR2oj24MTAwo4w4YWx1Zia4O4JsZWZ0o4w4ci9ydGx1cgQ4O4oxo4w4Yi9ub4oIeyJiYWx1ZCoIojA4LCJkY4oIo4osopt3eSoIo4osopR1cgBsYXk4O4o4fSw4YXR0cp34dXR3oj17ophmcGVybG3u6yoIeyJhYgR1dpU4OjEsopx1bps4O4o4LCJ0YXJnZXQ4O4o4LCJ2dGlsoj24on0sop3tYWd3oj17opFjdG3iZSoIMCw4cGF06CoIo4osonN1epVfeCoIo4osonN1epVfeSoIo4osoph0bWw4O4o4fXl9LHs4Zp33bGQ4O4Jubl94YSosopFs6WFzoj24dF9lYpF2XgNwdGE4LCJsYWmndWFnZSoIWl0sopxhYpVsoj24Tp85QkE4LCJi6WVgoj2xLCJkZXRh6Ww4OjEsonNvcnRhYpx3oj2xLCJzZWFyYi54OjEsopRvdimsbiFkoj2xLCJpcp9IZWa4OjEsond1ZHR2oj24MTAwo4w4YWx1Zia4O4JsZWZ0o4w4ci9ydGx1cgQ4O4oyo4w4Yi9ub4oIeyJiYWx1ZCoIojA4LCJkY4oIo4osopt3eSoIo4osopR1cgBsYXk4O4o4fSw4YXR0cp34dXR3oj17ophmcGVybG3u6yoIeyJhYgR1dpU4OjEsopx1bps4O4o4LCJ0YXJnZXQ4O4o4LCJ2dGlsoj24on0sop3tYWd3oj17opFjdG3iZSoIMCw4cGF06CoIo4osonN1epVfeCoIo4osonN1epVfeSoIo4osoph0bWw4O4o4fXl9LHs4Zp33bGQ4O4J1ZF9zcHRho4w4YWx1YXM4O4J0XgV4YWhfcgB0YSosopxhbpdlYWd3oj1bXSw4bGF4ZWw4O4JJZCBTcHRho4w4dp33dyoIMCw4ZGV0YW3soj2wLCJzbgJ0YWJsZSoIMCw4ciVhcpN2oj2xLCJkbgdubG9hZCoIMCw4ZnJvepVuoj2xLCJg6WR06CoIojEwMCosopFs6Wduoj24bGVpdCosonNvcnRs6XN0oj24MyosopNvbpa4Ons4dpFs6WQ4O4owo4w4ZGo4O4o4LCJrZXk4O4o4LCJk6XNwbGFmoj24on0sopF0dHJ1YnV0ZSoIeyJ2eXB3cpx1bps4Ons4YWN06XZ3oj2xLCJs6Wmroj24o4w4dGFyZiV0oj24o4w46HRtbCoIo4J9LCJ1bWFnZSoIeyJhYgR1dpU4OjAsonBhdG54O4o4LCJz6X13Xg54O4o4LCJz6X13Xgk4O4o4LCJ2dGlsoj24onl9fSx7opZ1ZWxkoj24bp9fcgB0YSosopFs6WFzoj24dF9lYpF2XgNwdGE4LCJsYWmndWFnZSoIWl0sopxhYpVsoj24Tp85UlBUQSosonZ1ZXc4OjEsopR3dGF1bCoIMSw4ci9ydGF4bGU4OjEsonN3YXJj6CoIMSw4ZG9gbpxvYWQ4OjEsopZybg13b4oIMSw4di3kdG54O4oxMDA4LCJhbG3nb4oIopx3ZnQ4LCJzbgJ0bG3zdCoIojQ4LCJjbimuoj17onZhbG3koj24MCosopR4oj24o4w46iVmoj24o4w4ZG3zcGxheSoIo4J9LCJhdHRy6WJldGU4Ons46H3wZXJs6Wmroj17opFjdG3iZSoIMSw4bG3u6yoIo4osonRhcpd3dCoIo4osoph0bWw4O4o4fSw46WlhZiU4Ons4YWN06XZ3oj2wLCJwYXR2oj24o4w4ci3IZV9aoj24o4w4ci3IZV9moj24o4w46HRtbCoIo4J9fX0seyJp6WVsZCoIonR3YpFuZl9wZyosopFs6WFzoj24dF9lYpF2XgNwdGE4LCJsYWmndWFnZSoIWl0sopxhYpVsoj24VGV4YWmnoFBno4w4dp33dyoIMCw4ZGV0YW3soj2xLCJzbgJ0YWJsZSoIMCw4ciVhcpN2oj2xLCJkbgdubG9hZCoIMSw4ZnJvepVuoj2xLCJg6WR06CoIojEwMCosopFs6Wduoj24bGVpdCosonNvcnRs6XN0oj24NSosopNvbpa4Ons4dpFs6WQ4O4owo4w4ZGo4O4o4LCJrZXk4O4o4LCJk6XNwbGFmoj24on0sopF0dHJ1YnV0ZSoIeyJ2eXB3cpx1bps4Ons4YWN06XZ3oj2xLCJs6Wmroj24o4w4dGFyZiV0oj24o4w46HRtbCoIo4J9LCJ1bWFnZSoIeyJhYgR1dpU4OjAsonBhdG54O4o4LCJz6X13Xg54O4o4LCJz6X13Xgk4O4o4LCJ2dGlsoj24onl9fSx7opZ1ZWxkoj24YWmn6gV0XgBno4w4YWx1YXM4O4J0XgV4YWhfcgB0YSosopxhbpdlYWd3oj1bXSw4bGF4ZWw4O4JBbpdrdXQ5UGc4LCJi6WVgoj2wLCJkZXRh6Ww4OjEsonNvcnRhYpx3oj2wLCJzZWFyYi54OjEsopRvdimsbiFkoj2xLCJpcp9IZWa4OjEsond1ZHR2oj24MTAwo4w4YWx1Zia4O4JsZWZ0o4w4ci9ydGx1cgQ4O4oio4w4Yi9ub4oIeyJiYWx1ZCoIojA4LCJkY4oIo4osopt3eSoIo4osopR1cgBsYXk4O4o4fSw4YXR0cp34dXR3oj17ophmcGVybG3u6yoIeyJhYgR1dpU4OjEsopx1bps4O4o4LCJ0YXJnZXQ4O4o4LCJ2dGlsoj24on0sop3tYWd3oj17opFjdG3iZSoIMCw4cGF06CoIo4osonN1epVfeCoIo4osonN1epVfeSoIo4osoph0bWw4O4o4fXl9LHs4Zp33bGQ4O4JiZWmkbgo4LCJhbG3hcyoIonRfdWJh6F9zcHRho4w4bGFuZgVhZiU4O3tdLCJsYWJ3bCoIo3Z3bpRvc4osonZ1ZXc4OjAsopR3dGF1bCoIMSw4ci9ydGF4bGU4OjAsonN3YXJj6CoIMSw4ZG9gbpxvYWQ4OjEsopZybg13b4oIMSw4di3kdG54O4oxMDA4LCJhbG3nb4oIopx3ZnQ4LCJzbgJ0bG3zdCoIojc4LCJjbimuoj17onZhbG3koj24MSosopR4oj24bV9iZWmkbgo4LCJrZXk4O4J1ZF9iZWmkbgo4LCJk6XNwbGFmoj24bpFtYV9iZWmkbgo4fSw4YXR0cp34dXR3oj17ophmcGVybG3u6yoIeyJhYgR1dpU4OjEsopx1bps4O4o4LCJ0YXJnZXQ4O4o4LCJ2dGlsoj24on0sop3tYWd3oj17opFjdG3iZSoIMCw4cGF06CoIo4osonN1epVfeCoIo4osonN1epVfeSoIo4osoph0bWw4O4o4fXl9LHs4Zp33bGQ4O4JydWJh6F90ZWJhbpdfcGc4LCJhbG3hcyoIonRfdWJh6F9zcHRho4w4bGFuZgVhZiU4O3tdLCJsYWJ3bCoIo3JlYpF2oFR3YpFuZyBQZyosonZ1ZXc4OjAsopR3dGF1bCoIMSw4ci9ydGF4bGU4OjAsonN3YXJj6CoIMSw4ZG9gbpxvYWQ4OjEsopZybg13b4oIMSw4di3kdG54O4oxMDA4LCJhbG3nb4oIopx3ZnQ4LCJzbgJ0bG3zdCoIoj54LCJjbimuoj17onZhbG3koj24MCosopR4oj24o4w46iVmoj24o4w4ZG3zcGxheSoIo4J9LCJhdHRy6WJldGU4Ons46H3wZXJs6Wmroj17opFjdG3iZSoIMSw4bG3u6yoIo4osonRhcpd3dCoIo4osoph0bWw4O4o4fSw46WlhZiU4Ons4YWN06XZ3oj2wLCJwYXR2oj24o4w4ci3IZV9aoj24o4w4ci3IZV9moj24o4w46HRtbCoIo4J9fX0seyJp6WVsZCoIonRlYpF2XiFuZitldF9wZyosopFs6WFzoj24dF9lYpF2XgNwdGE4LCJsYWmndWFnZSoIWl0sopxhYpVsoj24VHV4YW55QWmn6gV0oFBno4w4dp33dyoIMCw4ZGV0YW3soj2xLCJzbgJ0YWJsZSoIMCw4ciVhcpN2oj2xLCJkbgdubG9hZCoIMSw4ZnJvepVuoj2xLCJg6WR06CoIojEwMCosopFs6Wduoj24bGVpdCosonNvcnRs6XN0oj24OSosopNvbpa4Ons4dpFs6WQ4O4owo4w4ZGo4O4o4LCJrZXk4O4o4LCJk6XNwbGFmoj24on0sopF0dHJ1YnV0ZSoIeyJ2eXB3cpx1bps4Ons4YWN06XZ3oj2xLCJs6Wmroj24o4w4dGFyZiV0oj24o4w46HRtbCoIo4J9LCJ1bWFnZSoIeyJhYgR1dpU4OjAsonBhdG54O4o4LCJz6X13Xg54O4o4LCJz6X13Xgk4O4o4LCJ2dGlsoj24onl9fSx7opZ1ZWxkoj24cnV4YWhfdpVuZG9yo4w4YWx1YXM4O4J0XgV4YWhfcgB0YSosopxhbpdlYWd3oj1bXSw4bGF4ZWw4O4JSdWJh6CBWZWmkbgo4LCJi6WVgoj2wLCJkZXRh6Ww4OjEsonNvcnRhYpx3oj2wLCJzZWFyYi54OjEsopRvdimsbiFkoj2xLCJpcp9IZWa4OjEsond1ZHR2oj24MTAwo4w4YWx1Zia4O4JsZWZ0o4w4ci9ydGx1cgQ4O4oxMCosopNvbpa4Ons4dpFs6WQ4O4oxo4w4ZGo4O4JtXgZ3bpRvc4osopt3eSoIop3kXgZ3bpRvc4osopR1cgBsYXk4O4JuYWlhXgZ3bpRvc4J9LCJhdHRy6WJldGU4Ons46H3wZXJs6Wmroj17opFjdG3iZSoIMSw4bG3u6yoIo4osonRhcpd3dCoIo4osoph0bWw4O4o4fSw46WlhZiU4Ons4YWN06XZ3oj2wLCJwYXR2oj24o4w4ci3IZV9aoj24o4w4ci3IZV9moj24o4w46HRtbCoIo4J9fX0seyJp6WVsZCoIonN0YXRlcyosopFs6WFzoj24dF9lYpF2XgNwdGE4LCJsYWmndWFnZSoIWl0sopxhYpVsoj24UgRhdHVzo4w4dp33dyoIMSw4ZGV0YW3soj2xLCJzbgJ0YWJsZSoIMSw4ciVhcpN2oj2xLCJkbgdubG9hZCoIMSw4ZnJvepVuoj2xLCJg6WR06CoIojEwMCosopFs6Wduoj24bGVpdCosonNvcnRs6XN0oj24MTE4LCJjbimuoj17onZhbG3koj24MCosopR4oj24o4w46iVmoj24o4w4ZG3zcGxheSoIo4J9LCJhdHRy6WJldGU4Ons46H3wZXJs6Wmroj17opFjdG3iZSoIMSw4bG3u6yoIo4osonRhcpd3dCoIo4osoph0bWw4O4o4fSw46WlhZiU4Ons4YWN06XZ3oj2wLCJwYXR2oj24o4w4ci3IZV9aoj24o4w4ci3IZV9moj24o4w46HRtbCoIo4J9fX0seyJp6WVsZCoIonRnbF9jcpVhdGU4LCJhbG3hcyoIonRfdWJh6F9zcHRho4w4bGFuZgVhZiU4O3tdLCJsYWJ3bCoIo3RnbCBDcpVhdGU4LCJi6WVgoj2xLCJkZXRh6Ww4OjEsonNvcnRhYpx3oj2xLCJzZWFyYi54OjEsopRvdimsbiFkoj2xLCJpcp9IZWa4OjEsond1ZHR2oj24MTAwo4w4YWx1Zia4O4JsZWZ0o4w4ci9ydGx1cgQ4O4oxM4osopNvbpa4Ons4dpFs6WQ4O4owo4w4ZGo4O4o4LCJrZXk4O4o4LCJk6XNwbGFmoj24on0sopF0dHJ1YnV0ZSoIeyJ2eXB3cpx1bps4Ons4YWN06XZ3oj2xLCJs6Wmroj24o4w4dGFyZiV0oj24o4w46HRtbCoIo4J9LCJ1bWFnZSoIeyJhYgR1dpU4OjAsonBhdG54O4o4LCJz6X13Xg54O4o4LCJz6X13Xgk4O4o4LCJ2dGlsoj24onl9fSx7opZ1ZWxkoj24dXN3c39jcpVhdGU4LCJhbG3hcyoIonRfdWJh6F9zcHRho4w4bGFuZgVhZiU4O3tdLCJsYWJ3bCoIo3VzZXo5QgJ3YXR3o4w4dp33dyoIMSw4ZGV0YW3soj2xLCJzbgJ0YWJsZSoIMSw4ciVhcpN2oj2xLCJkbgdubG9hZCoIMSw4ZnJvepVuoj2xLCJg6WR06CoIojEwMCosopFs6Wduoj24bGVpdCosonNvcnRs6XN0oj24MTM4LCJjbimuoj17onZhbG3koj24MCosopR4oj24o4w46iVmoj24o4w4ZG3zcGxheSoIo4J9LCJhdHRy6WJldGU4Ons46H3wZXJs6Wmroj17opFjdG3iZSoIMSw4bG3u6yoIo4osonRhcpd3dCoIo4osoph0bWw4O4o4fSw46WlhZiU4Ons4YWN06XZ3oj2wLCJwYXR2oj24o4w4ci3IZV9aoj24o4w4ci3IZV9moj24o4w46HRtbCoIo4J9fX0seyJp6WVsZCoIonRnbF9hcHBybgZ3o4w4YWx1YXM4O4J0XgV4YWhfcgB0YSosopxhbpdlYWd3oj1bXSw4bGF4ZWw4O4JUZiw5QXBwcp9iZSosonZ1ZXc4OjEsopR3dGF1bCoIMSw4ci9ydGF4bGU4OjEsonN3YXJj6CoIMSw4ZG9gbpxvYWQ4OjEsopZybg13b4oIMSw4di3kdG54O4oxMDA4LCJhbG3nb4oIopx3ZnQ4LCJzbgJ0bG3zdCoIojE0o4w4Yi9ub4oIeyJiYWx1ZCoIojA4LCJkY4oIo4osopt3eSoIo4osopR1cgBsYXk4O4o4fSw4YXR0cp34dXR3oj17ophmcGVybG3u6yoIeyJhYgR1dpU4OjEsopx1bps4O4o4LCJ0YXJnZXQ4O4o4LCJ2dGlsoj24on0sop3tYWd3oj17opFjdG3iZSoIMCw4cGF06CoIo4osonN1epVfeCoIo4osonN1epVfeSoIo4osoph0bWw4O4o4fXl9LHs4Zp33bGQ4O4JlciVyXiFwcHJvdpU4LCJhbG3hcyoIonRfdWJh6F9zcHRho4w4bGFuZgVhZiU4O3tdLCJsYWJ3bCoIo3VzZXo5QXBwcp9iZSosonZ1ZXc4OjEsopR3dGF1bCoIMSw4ci9ydGF4bGU4OjEsonN3YXJj6CoIMSw4ZG9gbpxvYWQ4OjEsopZybg13b4oIMSw4di3kdG54O4oxMDA4LCJhbG3nb4oIopx3ZnQ4LCJzbgJ0bG3zdCoIojElo4w4Yi9ub4oIeyJiYWx1ZCoIojA4LCJkY4oIo4osopt3eSoIo4osopR1cgBsYXk4O4o4fSw4YXR0cp34dXR3oj17ophmcGVybG3u6yoIeyJhYgR1dpU4OjEsopx1bps4O4o4LCJ0YXJnZXQ4O4o4LCJ2dGlsoj24on0sop3tYWd3oj17opFjdG3iZSoIMCw4cGF06CoIo4osonN1epVfeCoIo4osonN1epVfeSoIo4osoph0bWw4O4o4fXl9LHs4Zp33bGQ4O4JhbGFzYWa4LCJhbG3hcyoIonRfdWJh6F9zcHRho4w4bGFuZgVhZiU4O3tdLCJsYWJ3bCoIokFsYXNhb4osonZ1ZXc4OjEsopR3dGF1bCoIMSw4ci9ydGF4bGU4OjEsonN3YXJj6CoIMSw4ZG9gbpxvYWQ4OjEsopZybg13b4oIMSw4di3kdG54O4oxMDA4LCJhbG3nb4oIopx3ZnQ4LCJzbgJ0bG3zdCoIojEio4w4Yi9ub4oIeyJiYWx1ZCoIojA4LCJkY4oIo4osopt3eSoIo4osopR1cgBsYXk4O4o4fSw4YXR0cp34dXR3oj17ophmcGVybG3u6yoIeyJhYgR1dpU4OjEsopx1bps4O4o4LCJ0YXJnZXQ4O4o4LCJ2dGlsoj24on0sop3tYWd3oj17opFjdG3iZSoIMCw4cGF06CoIo4osonN1epVfeCoIo4osonN1epVfeSoIo4osoph0bWw4O4o4fXl9XSw4Zp9ybXM4O3t7opZ1ZWxkoj246WQ4LCJhbG3hcyoIonRfdWJh6F9zcHRho4w4bGFuZgVhZiU4O3tdLCJsYWJ3bCoIok3ko4w4Zp9ybV9ncp9lcCoIojA4LCJyZXFl6XJ3ZCoIojA4LCJi6WVgoj2xLCJ0eXB3oj246G3kZGVuo4w4YWRkoj2xLCJz6X13oj24MCosopVk6XQ4OjEsonN3YXJj6CoIojE4LCJzbgJ0bG3zdCoIojA4LCJvcHR1bia4Ons4bgB0XgRmcGU4O4o4LCJsbi9rdXBfcXV3cnk4O4o4LCJsbi9rdXBfdGF4bGU4O4o4LCJsbi9rdXBf6iVmoj24o4w4bG9v6gVwXgZhbHV3oj24o4w46XNfZGVwZWmkZWmjeSoIo4osop3zXillbHR1cGx3oj24o4w4bG9v6gVwXiR3cGVuZGVuYg3f6iVmoj24o4w4cGF06F90bl9lcGxvYWQ4O4o4LCJyZXN1epVfdi3kdG54O4o4LCJyZXN1epVf6GV1Zih0oj24o4w4dXBsbiFkXgRmcGU4O4o4LCJ0bi9sdG3woj24o4w4YXR0cp34dXR3oj24o4w4ZXh0ZWmkXiNsYXNzoj24onl9LHs4Zp33bGQ4O4J1ZF9zcHRho4w4YWx1YXM4O4J0XgV4YWhfcgB0YSosopxhbpdlYWd3oj1bXSw4bGF4ZWw4O4JJZCBTcHRho4w4Zp9ybV9ncp9lcCoIojA4LCJyZXFl6XJ3ZCoIonJ3cXV1cpVko4w4dp33dyoIMSw4dH3wZSoIoph1ZGR3b4osopFkZCoIMSw4ci3IZSoIojA4LCJ3ZG30oj2xLCJzZWFyYi54O4oxo4w4ci9ydGx1cgQ4O4oxo4w4bgB06W9uoj17op9wdF90eXB3oj24o4w4bG9v6gVwXgFlZXJmoj24o4w4bG9v6gVwXgRhYpx3oj24o4w4bG9v6gVwXit3eSoIo4osopxvbitlcF9iYWxlZSoIo4osop3zXiR3cGVuZGVuYgk4O4o4LCJ1cl9tdWx06XBsZSoIo4osopxvbitlcF9kZXB3bpR3bpNmXit3eSoIo4osonBhdGhfdG9fdXBsbiFkoj24o4w4cpVz6X13Xgd1ZHR2oj24o4w4cpVz6X13Xih36Wd2dCoIo4osonVwbG9hZF90eXB3oj24o4w4dG9vbHR1cCoIo4osopF0dHJ1YnV0ZSoIo4osopVadGVuZF9jbGFzcyoIo4J9fSx7opZ1ZWxkoj24bp9fcgB0YSosopFs6WFzoj24dF9lYpF2XgNwdGE4LCJsYWmndWFnZSoIWl0sopxhYpVsoj24Tp85UlBUQSosopZvcplfZgJvdXA4O4owo4w4cpVxdW3yZWQ4O4JyZXFl6XJ3ZCosonZ1ZXc4OjEsonRmcGU4O4J0ZXh0o4w4YWRkoj2xLCJz6X13oj24MCosopVk6XQ4OjEsonN3YXJj6CoIojE4LCJzbgJ0bG3zdCoIojo4LCJvcHR1bia4Ons4bgB0XgRmcGU4O4o4LCJsbi9rdXBfcXV3cnk4O4o4LCJsbi9rdXBfdGF4bGU4O4o4LCJsbi9rdXBf6iVmoj24o4w4bG9v6gVwXgZhbHV3oj24o4w46XNfZGVwZWmkZWmjeSoIo4osop3zXillbHR1cGx3oj24o4w4bG9v6gVwXiR3cGVuZGVuYg3f6iVmoj24o4w4cGF06F90bl9lcGxvYWQ4O4o4LCJyZXN1epVfdi3kdG54O4o4LCJyZXN1epVf6GV1Zih0oj24o4w4dXBsbiFkXgRmcGU4O4o4LCJ0bi9sdG3woj24o4w4YXR0cp34dXR3oj24o4w4ZXh0ZWmkXiNsYXNzoj24onl9LHs4Zp33bGQ4O4J0ZWJhbpdfcGc4LCJhbG3hcyoIonRfdWJh6F9zcHRho4w4bGFuZgVhZiU4O3tdLCJsYWJ3bCoIo3R3YpFuZyBQRyosopZvcplfZgJvdXA4O4owo4w4cpVxdW3yZWQ4O4JyZXFl6XJ3ZCosonZ1ZXc4OjEsonRmcGU4O4J0ZXh0o4w4YWRkoj2xLCJz6X13oj24MCosopVk6XQ4OjEsonN3YXJj6CoIojE4LCJzbgJ0bG3zdCoIojM4LCJvcHR1bia4Ons4bgB0XgRmcGU4O4o4LCJsbi9rdXBfcXV3cnk4O4o4LCJsbi9rdXBfdGF4bGU4O4o4LCJsbi9rdXBf6iVmoj24o4w4bG9v6gVwXgZhbHV3oj24o4w46XNfZGVwZWmkZWmjeSoIo4osop3zXillbHR1cGx3oj24o4w4bG9v6gVwXiR3cGVuZGVuYg3f6iVmoj24o4w4cGF06F90bl9lcGxvYWQ4O4o4LCJyZXN1epVfdi3kdG54O4o4LCJyZXN1epVf6GV1Zih0oj24o4w4dXBsbiFkXgRmcGU4O4o4LCJ0bi9sdG3woj24o4w4YXR0cp34dXR3oj24o4w4ZXh0ZWmkXiNsYXNzoj24onl9LHs4Zp33bGQ4O4JhbpdrdXRfcGc4LCJhbG3hcyoIonRfdWJh6F9zcHRho4w4bGFuZgVhZiU4O3tdLCJsYWJ3bCoIokFuZitldCBQRyosopZvcplfZgJvdXA4O4owo4w4cpVxdW3yZWQ4O4JyZXFl6XJ3ZCosonZ1ZXc4OjEsonRmcGU4O4J0ZXh0o4w4YWRkoj2xLCJz6X13oj24MCosopVk6XQ4OjEsonN3YXJj6CoIojE4LCJzbgJ0bG3zdCoIojQ4LCJvcHR1bia4Ons4bgB0XgRmcGU4O4o4LCJsbi9rdXBfcXV3cnk4O4o4LCJsbi9rdXBfdGF4bGU4O4o4LCJsbi9rdXBf6iVmoj24o4w4bG9v6gVwXgZhbHV3oj24o4w46XNfZGVwZWmkZWmjeSoIo4osop3zXillbHR1cGx3oj24o4w4bG9v6gVwXiR3cGVuZGVuYg3f6iVmoj24o4w4cGF06F90bl9lcGxvYWQ4O4o4LCJyZXN1epVfdi3kdG54O4o4LCJyZXN1epVf6GV1Zih0oj24o4w4dXBsbiFkXgRmcGU4O4o4LCJ0bi9sdG3woj24o4w4YXR0cp34dXR3oj24o4w4ZXh0ZWmkXiNsYXNzoj24onl9LHs4Zp33bGQ4O4JiZWmkbgo4LCJhbG3hcyoIonRfdWJh6F9zcHRho4w4bGFuZgVhZiU4O3tdLCJsYWJ3bCoIo3Z3bpRvc4osopZvcplfZgJvdXA4O4owo4w4cpVxdW3yZWQ4O4owo4w4dp33dyoIMSw4dH3wZSoIonN3bGVjdCosopFkZCoIMSw4ci3IZSoIojA4LCJ3ZG30oj2xLCJzZWFyYi54O4oxo4w4ci9ydGx1cgQ4O4olo4w4bgB06W9uoj17op9wdF90eXB3oj24ZXh0ZXJuYWw4LCJsbi9rdXBfcXV3cnk4O4o4LCJsbi9rdXBfdGF4bGU4O4JtXgZ3bpRvc4osopxvbitlcF9rZXk4O4J1ZF9iZWmkbgo4LCJsbi9rdXBfdpFsdWU4O4JuYWlhXgZ3bpRvc4osop3zXiR3cGVuZGVuYgk4O4o4LCJ1cl9tdWx06XBsZSoIo4osopxvbitlcF9kZXB3bpR3bpNmXit3eSoIo4osonBhdGhfdG9fdXBsbiFkoj24o4w4cpVz6X13Xgd1ZHR2oj24o4w4cpVz6X13Xih36Wd2dCoIo4osonVwbG9hZF90eXB3oj24o4w4dG9vbHR1cCoIo4osopF0dHJ1YnV0ZSoIo4osopVadGVuZF9jbGFzcyoIo4J9fSx7opZ1ZWxkoj24cgRhdHVzo4w4YWx1YXM4O4J0XgV4YWhfcgB0YSosopxhbpdlYWd3oj1bXSw4bGF4ZWw4O4JTdGF0dXM4LCJpbgJtXidybgVwoj24MCosonJ3cXV1cpVkoj24MCosonZ1ZXc4OjAsonRmcGU4O4J0ZXh0o4w4YWRkoj2xLCJz6X13oj24MCosopVk6XQ4OjEsonN3YXJj6CoIMCw4ci9ydGx1cgQ4O4oio4w4bgB06W9uoj17op9wdF90eXB3oj24o4w4bG9v6gVwXgFlZXJmoj24o4w4bG9v6gVwXgRhYpx3oj24o4w4bG9v6gVwXit3eSoIo4osopxvbitlcF9iYWxlZSoIo4osop3zXiR3cGVuZGVuYgk4O4o4LCJ1cl9tdWx06XBsZSoIo4osopxvbitlcF9kZXB3bpR3bpNmXit3eSoIo4osonBhdGhfdG9fdXBsbiFkoj24o4w4cpVz6X13Xgd1ZHR2oj24o4w4cpVz6X13Xih36Wd2dCoIo4osonVwbG9hZF90eXB3oj24o4w4dG9vbHR1cCoIo4osopF0dHJ1YnV0ZSoIo4osopVadGVuZF9jbGFzcyoIo4J9fSx7opZ1ZWxkoj24dGdsXiNyZWF0ZSosopFs6WFzoj24dF9lYpF2XgNwdGE4LCJsYWmndWFnZSoIWl0sopxhYpVsoj24VGdsoENyZWF0ZSosopZvcplfZgJvdXA4O4owo4w4cpVxdW3yZWQ4O4owo4w4dp33dyoIMCw4dH3wZSoIoph1ZGR3b4osopFkZCoIMSw4ci3IZSoIojA4LCJ3ZG30oj2xLCJzZWFyYi54OjAsonNvcnRs6XN0oj24Nyosop9wdG3vb4oIeyJvcHRfdH3wZSoIo4osopxvbitlcF9xdWVyeSoIo4osopxvbitlcF90YWJsZSoIo4osopxvbitlcF9rZXk4O4o4LCJsbi9rdXBfdpFsdWU4O4o4LCJ1cl9kZXB3bpR3bpNmoj24o4w46XNfbXVsdG3wbGU4O4o4LCJsbi9rdXBfZGVwZWmkZWmjeV9rZXk4O4o4LCJwYXR2XgRvXgVwbG9hZCoIo4osonJ3ci3IZV9g6WR06CoIo4osonJ3ci3IZV92ZW3n6HQ4O4o4LCJlcGxvYWRfdH3wZSoIo4osonRvbix06XA4O4o4LCJhdHRy6WJldGU4O4o4LCJ3eHR3bpRfYixhcgM4O4o4fX0seyJp6WVsZCoIonVzZXJfYgJ3YXR3o4w4YWx1YXM4O4J0XgV4YWhfcgB0YSosopxhbpdlYWd3oj1bXSw4bGF4ZWw4O4JVciVyoENyZWF0ZSosopZvcplfZgJvdXA4O4owo4w4cpVxdW3yZWQ4O4owo4w4dp33dyoIMCw4dH3wZSoIonR3eHQ4LCJhZGQ4OjEsonN1epU4O4owo4w4ZWR1dCoIMSw4ciVhcpN2oj2wLCJzbgJ0bG3zdCoIoj54LCJvcHR1bia4Ons4bgB0XgRmcGU4O4o4LCJsbi9rdXBfcXV3cnk4O4o4LCJsbi9rdXBfdGF4bGU4O4o4LCJsbi9rdXBf6iVmoj24o4w4bG9v6gVwXgZhbHV3oj24o4w46XNfZGVwZWmkZWmjeSoIo4osop3zXillbHR1cGx3oj24o4w4bG9v6gVwXiR3cGVuZGVuYg3f6iVmoj24o4w4cGF06F90bl9lcGxvYWQ4O4o4LCJyZXN1epVfdi3kdG54O4o4LCJyZXN1epVf6GV1Zih0oj24o4w4dXBsbiFkXgRmcGU4O4o4LCJ0bi9sdG3woj24o4w4YXR0cp34dXR3oj24o4w4ZXh0ZWmkXiNsYXNzoj24onl9LHs4Zp33bGQ4O4J0ZixfYXBwcp9iZSosopFs6WFzoj24dF9lYpF2XgNwdGE4LCJsYWmndWFnZSoIWl0sopxhYpVsoj24VGdsoEFwcHJvdpU4LCJpbgJtXidybgVwoj24MCosonJ3cXV1cpVkoj24MCosonZ1ZXc4OjAsonRmcGU4O4J0ZXh0XiRhdGV06Wl3o4w4YWRkoj2xLCJz6X13oj24MCosopVk6XQ4OjEsonN3YXJj6CoIMCw4ci9ydGx1cgQ4O4omo4w4bgB06W9uoj17op9wdF90eXB3oj24o4w4bG9v6gVwXgFlZXJmoj24o4w4bG9v6gVwXgRhYpx3oj24o4w4bG9v6gVwXit3eSoIo4osopxvbitlcF9iYWxlZSoIo4osop3zXiR3cGVuZGVuYgk4O4o4LCJ1cl9tdWx06XBsZSoIo4osopxvbitlcF9kZXB3bpR3bpNmXit3eSoIo4osonBhdGhfdG9fdXBsbiFkoj24o4w4cpVz6X13Xgd1ZHR2oj24o4w4cpVz6X13Xih36Wd2dCoIo4osonVwbG9hZF90eXB3oj24o4w4dG9vbHR1cCoIo4osopF0dHJ1YnV0ZSoIo4osopVadGVuZF9jbGFzcyoIo4J9fSx7opZ1ZWxkoj24dXN3c39hcHBybgZ3o4w4YWx1YXM4O4J0XgV4YWhfcgB0YSosopxhbpdlYWd3oj1bXSw4bGF4ZWw4O4JVciVyoEFwcHJvdpU4LCJpbgJtXidybgVwoj24MCosonJ3cXV1cpVkoj24MCosonZ1ZXc4OjAsonRmcGU4O4J0ZXh0o4w4YWRkoj2xLCJz6X13oj24MCosopVk6XQ4OjEsonN3YXJj6CoIMCw4ci9ydGx1cgQ4O4oxMCosop9wdG3vb4oIeyJvcHRfdH3wZSoIo4osopxvbitlcF9xdWVyeSoIo4osopxvbitlcF90YWJsZSoIo4osopxvbitlcF9rZXk4O4o4LCJsbi9rdXBfdpFsdWU4O4o4LCJ1cl9kZXB3bpR3bpNmoj24o4w46XNfbXVsdG3wbGU4O4o4LCJsbi9rdXBfZGVwZWmkZWmjeV9rZXk4O4o4LCJwYXR2XgRvXgVwbG9hZCoIo4osonJ3ci3IZV9g6WR06CoIo4osonJ3ci3IZV92ZW3n6HQ4O4o4LCJlcGxvYWRfdH3wZSoIo4osonRvbix06XA4O4o4LCJhdHRy6WJldGU4O4o4LCJ3eHR3bpRfYixhcgM4O4o4fX0seyJp6WVsZCoIopmvXiJho4w4YWx1YXM4O4J0XgV4YWhfcgB0YSosopxhbpdlYWd3oj1bXSw4bGF4ZWw4O4JObyBCYSosopZvcplfZgJvdXA4O4oxo4w4cpVxdW3yZWQ4O4JyZXFl6XJ3ZCosonZ1ZXc4OjEsonRmcGU4O4J0ZXh0o4w4YWRkoj2xLCJz6X13oj24MCosopVk6XQ4OjEsonN3YXJj6CoIojE4LCJzbgJ0bG3zdCoIojExo4w4bgB06W9uoj17op9wdF90eXB3oj24o4w4bG9v6gVwXgFlZXJmoj24o4w4bG9v6gVwXgRhYpx3oj24o4w4bG9v6gVwXit3eSoIo4osopxvbitlcF9iYWxlZSoIo4osop3zXiR3cGVuZGVuYgk4O4o4LCJ1cl9tdWx06XBsZSoIo4osopxvbitlcF9kZXB3bpR3bpNmXit3eSoIo4osonBhdGhfdG9fdXBsbiFkoj24o4w4cpVz6X13Xgd1ZHR2oj24o4w4cpVz6X13Xih36Wd2dCoIo4osonVwbG9hZF90eXB3oj24o4w4dG9vbHR1cCoIo4osopF0dHJ1YnV0ZSoIo4osopVadGVuZF9jbGFzcyoIo4J9fSx7opZ1ZWxkoj24cnV4YWhfdGV4YWmnXgBno4w4YWx1YXM4O4J0XgV4YWhfcgB0YSosopxhbpdlYWd3oj1bXSw4bGF4ZWw4O4JSdWJh6CBUZWJhbpc5UEc4LCJpbgJtXidybgVwoj24MSosonJ3cXV1cpVkoj24cpVxdW3yZWQ4LCJi6WVgoj2xLCJ0eXB3oj24ciVsZWN0o4w4YWRkoj2xLCJz6X13oj24MCosopVk6XQ4OjEsonN3YXJj6CoIojE4LCJzbgJ0bG3zdCoIojEyo4w4bgB06W9uoj17op9wdF90eXB3oj24ZGF0YWx1cgQ4LCJsbi9rdXBfcXV3cnk4O4owO3R1ZGFrfDEIWWE4LCJsbi9rdXBfdGF4bGU4O4o4LCJsbi9rdXBf6iVmoj24o4w4bG9v6gVwXgZhbHV3oj24o4w46XNfZGVwZWmkZWmjeSoIo4osop3zXillbHR1cGx3oj24o4w4bG9v6gVwXiR3cGVuZGVuYg3f6iVmoj24o4w4cGF06F90bl9lcGxvYWQ4O4o4LCJyZXN1epVfdi3kdG54O4o4LCJyZXN1epVf6GV1Zih0oj24o4w4dXBsbiFkXgRmcGU4O4o4LCJ0bi9sdG3woj24o4w4YXR0cp34dXR3oj24o4w4ZXh0ZWmkXiNsYXNzoj24onl9LHs4Zp33bGQ4O4J0dWJh6F9hbpdrdXRfcGc4LCJhbG3hcyoIonRfdWJh6F9zcHRho4w4bGFuZgVhZiU4O3tdLCJsYWJ3bCoIo3RlYpF2oEFuZitldCBQRyosopZvcplfZgJvdXA4O4oxo4w4cpVxdW3yZWQ4O4JyZXFl6XJ3ZCosonZ1ZXc4OjEsonRmcGU4O4JzZWx3YgQ4LCJhZGQ4OjEsonN1epU4O4owo4w4ZWR1dCoIMSw4ciVhcpN2oj24MSosonNvcnRs6XN0oj24MTM4LCJvcHR1bia4Ons4bgB0XgRmcGU4O4JkYXRhbG3zdCosopxvbitlcF9xdWVyeSoIojAIVG3kYWt8MT1ZYSosopxvbitlcF90YWJsZSoIo4osopxvbitlcF9rZXk4O4o4LCJsbi9rdXBfdpFsdWU4O4o4LCJ1cl9kZXB3bpR3bpNmoj24o4w46XNfbXVsdG3wbGU4O4o4LCJsbi9rdXBfZGVwZWmkZWmjeV9rZXk4O4o4LCJwYXR2XgRvXgVwbG9hZCoIo4osonJ3ci3IZV9g6WR06CoIo4osonJ3ci3IZV92ZW3n6HQ4O4o4LCJlcGxvYWRfdH3wZSoIo4osonRvbix06XA4O4o4LCJhdHRy6WJldGU4O4o4LCJ3eHR3bpRfYixhcgM4O4o4fX0seyJp6WVsZCoIonJlYpF2XgZ3bpRvc4osopFs6WFzoj24dF9lYpF2XgNwdGE4LCJsYWmndWFnZSoIWl0sopxhYpVsoj24UnV4YW55VpVuZG9yo4w4Zp9ybV9ncp9lcCoIojE4LCJyZXFl6XJ3ZCoIojA4LCJi6WVgoj2xLCJ0eXB3oj24ciVsZWN0o4w4YWRkoj2xLCJz6X13oj24MCosopVk6XQ4OjEsonN3YXJj6CoIojE4LCJzbgJ0bG3zdCoIojE0o4w4bgB06W9uoj17op9wdF90eXB3oj24ZXh0ZXJuYWw4LCJsbi9rdXBfcXV3cnk4O4o4LCJsbi9rdXBfdGF4bGU4O4JtXgZ3bpRvc4osopxvbitlcF9rZXk4O4J1ZF9iZWmkbgo4LCJsbi9rdXBfdpFsdWU4O4JuYWlhXgZ3bpRvc4osop3zXiR3cGVuZGVuYgk4O4o4LCJ1cl9tdWx06XBsZSoIo4osopxvbitlcF9kZXB3bpR3bpNmXit3eSoIo4osonBhdGhfdG9fdXBsbiFkoj24o4w4cpVz6X13Xgd1ZHR2oj24o4w4cpVz6X13Xih36Wd2dCoIo4osonVwbG9hZF90eXB3oj24o4w4dG9vbHR1cCoIo4osopF0dHJ1YnV0ZSoIo4osopVadGVuZF9jbGFzcyoIo4J9fSx7opZ1ZWxkoj24YWxhciFuo4w4YWx1YXM4O4J0XgV4YWhfcgB0YSosopxhbpdlYWd3oj1bXSw4bGF4ZWw4O4JBbGFzYWa4LCJpbgJtXidybgVwoj24o4w4cpVxdW3yZWQ4O4owo4w4dp33dyoIMSw4dH3wZSoIonR3eHRhcpVho4w4YWRkoj2xLCJz6X13oj24MCosopVk6XQ4OjEsonN3YXJj6CoIojE4LCJzbgJ0bG3zdCoIojElo4w4bgB06W9uoj17op9wdF90eXB3oj24o4w4bG9v6gVwXgFlZXJmoj24o4w4bG9v6gVwXgRhYpx3oj24o4w4bG9v6gVwXit3eSoIo4osopxvbitlcF9iYWxlZSoIo4osop3zXiR3cGVuZGVuYgk4O4o4LCJ1cl9tdWx06XBsZSoIo4osopxvbitlcF9kZXB3bpR3bpNmXit3eSoIo4osonBhdGhfdG9fdXBsbiFkoj24o4w4cpVz6X13Xgd1ZHR2oj24o4w4cpVz6X13Xih36Wd2dCoIo4osonVwbG9hZF90eXB3oj24o4w4dG9vbHR1cCoIo4osopF0dHJ1YnV0ZSoIo4osopVadGVuZF9jbGFzcyoIo4J9fVl9',NULL);
insert into `tb_module` (`module_id`, `module_name`, `module_title`, `module_note`, `module_author`, `module_created`, `module_desc`, `module_db`, `module_db_key`, `module_type`, `module_config`, `module_lang`) values('141','trubahselektor','Perubahan Selektor','perubahan selektor data',NULL,'2018-05-28 19:01:17',NULL,'t_ubah_selektor','id','addon','eyJ0YWJsZV9kY4oIonRfdWJh6F9zZWx36gRvc4osonBy6Wlhcn3f6iVmoj246WQ4LCJzcWxfciVsZWN0oj24oFNFTEVDVCB0XgV4YWhfciVsZWt0bgouK4BGUk9NoHRfdWJh6F9zZWx36gRvc4A4LCJzcWxfdih3cpU4O4o5V0hFUkU5dF9lYpF2XgN3bGVrdG9yLp3koE3ToEmPVCBOVUxMo4w4cgFsXidybgVwoj24o4w4Zp9ybV9jbixlbWa4OjosopZvcplfbGFmbgV0oj17opNvbHVtb4oIM4w4dG30bGU4O4JBcix1LFB3cnV4YWhhb4osopZvcplhdCoIopdy6WQ4LCJk6XNwbGFmoj24dpVydG3jYWw4fSw4Zp9ybXM4O3t7opZ1ZWxkoj246WQ4LCJhbG3hcyoIonRfdWJh6F9zZWx36gRvc4osopxhbpdlYWd3oj1bXSw4bGF4ZWw4O4JJZCosopZvcplfZgJvdXA4OjAsonJ3cXV1cpVkoj24MCosonZ1ZXc4OjEsonRmcGU4O4J26WRkZWa4LCJhZGQ4OjEsonN1epU4O4owo4w4ZWR1dCoIMSw4ciVhcpN2oj24MSosonNvcnRs6XN0oj2wLCJvcHR1bia4Ons4bgB0XgRmcGU4O4o4LCJsbi9rdXBfcXV3cnk4O4o4LCJsbi9rdXBfdGF4bGU4O4o4LCJsbi9rdXBf6iVmoj24o4w4bG9v6gVwXgZhbHV3oj24o4w46XNfZGVwZWmkZWmjeSoIo4osop3zXillbHR1cGx3oj24o4w4bG9v6gVwXiR3cGVuZGVuYg3f6iVmoj24o4w4cGF06F90bl9lcGxvYWQ4O4o4LCJyZXN1epVfdi3kdG54O4o4LCJyZXN1epVf6GV1Zih0oj24o4w4dXBsbiFkXgRmcGU4O4o4LCJ0bi9sdG3woj24o4w4YXR0cp34dXR3oj24o4w4ZXh0ZWmkXiNsYXNzoj24onl9LHs4Zp33bGQ4O4J1ZF9zcHRho4w4YWx1YXM4O4J0XgV4YWhfciVsZWt0bgo4LCJsYWmndWFnZSoIWl0sopxhYpVsoj24SWQ5UgB0YSosopZvcplfZgJvdXA4OjAsonJ3cXV1cpVkoj24MCosonZ1ZXc4OjEsonRmcGU4O4J26WRkZWa4LCJhZGQ4OjEsonN1epU4O4owo4w4ZWR1dCoIMSw4ciVhcpN2oj24MSosonNvcnRs6XN0oj2xLCJvcHR1bia4Ons4bgB0XgRmcGU4O4o4LCJsbi9rdXBfcXV3cnk4O4o4LCJsbi9rdXBfdGF4bGU4O4o4LCJsbi9rdXBf6iVmoj24o4w4bG9v6gVwXgZhbHV3oj24o4w46XNfZGVwZWmkZWmjeSoIo4osop3zXillbHR1cGx3oj24o4w4bG9v6gVwXiR3cGVuZGVuYg3f6iVmoj24o4w4cGF06F90bl9lcGxvYWQ4O4o4LCJyZXN1epVfdi3kdG54O4o4LCJyZXN1epVf6GV1Zih0oj24o4w4dXBsbiFkXgRmcGU4O4o4LCJ0bi9sdG3woj24o4w4YXR0cp34dXR3oj24o4w4ZXh0ZWmkXiNsYXNzoj24onl9LHs4Zp33bGQ4O4Jubl9zcHRho4w4YWx1YXM4O4J0XgV4YWhfciVsZWt0bgo4LCJsYWmndWFnZSoIWl0sopxhYpVsoj24Tp85UgB0YSosopZvcplfZgJvdXA4OjAsonJ3cXV1cpVkoj24MCosonZ1ZXc4OjEsonRmcGU4O4J0ZXh0o4w4YWRkoj2xLCJz6X13oj24MCosopVk6XQ4OjEsonN3YXJj6CoIojE4LCJzbgJ0bG3zdCoIM4w4bgB06W9uoj17op9wdF90eXB3oj24o4w4bG9v6gVwXgFlZXJmoj24o4w4bG9v6gVwXgRhYpx3oj24o4w4bG9v6gVwXit3eSoIo4osopxvbitlcF9iYWxlZSoIo4osop3zXiR3cGVuZGVuYgk4O4o4LCJ1cl9tdWx06XBsZSoIo4osopxvbitlcF9kZXB3bpR3bpNmXit3eSoIo4osonBhdGhfdG9fdXBsbiFkoj24o4w4cpVz6X13Xgd1ZHR2oj24o4w4cpVz6X13Xih36Wd2dCoIo4osonVwbG9hZF90eXB3oj24o4w4dG9vbHR1cCoIo4osopF0dHJ1YnV0ZSoIo4osopVadGVuZF9jbGFzcyoIo4J9fSx7opZ1ZWxkoj24cGVycimvXilhbpRvc4osopFs6WFzoj24dF9lYpF2XgN3bGVrdG9yo4w4bGFuZgVhZiU4O3tdLCJsYWJ3bCoIo3B3cnNubyBNYWmkbgo4LCJpbgJtXidybgVwoj2wLCJyZXFl6XJ3ZCoIojA4LCJi6WVgoj2xLCJ0eXB3oj24ciVsZWN0o4w4YWRkoj2xLCJz6X13oj24MCosopVk6XQ4OjEsonN3YXJj6CoIojE4LCJzbgJ0bG3zdCoIMyw4bgB06W9uoj17op9wdF90eXB3oj24ZXh0ZXJuYWw4LCJsbi9rdXBfcXV3cnk4O4o4LCJsbi9rdXBfdGF4bGU4O4JzYXBfbV9rYXJmYXdhb4osopxvbitlcF9rZXk4O4JQZXJzbp84LCJsbi9rdXBfdpFsdWU4O4JuYWl3o4w46XNfZGVwZWmkZWmjeSoIo4osop3zXillbHR1cGx3oj24o4w4bG9v6gVwXiR3cGVuZGVuYg3f6iVmoj24o4w4cGF06F90bl9lcGxvYWQ4O4o4LCJyZXN1epVfdi3kdG54O4o4LCJyZXN1epVf6GV1Zih0oj24o4w4dXBsbiFkXgRmcGU4O4o4LCJ0bi9sdG3woj24o4w4YXR0cp34dXR3oj24o4w4ZXh0ZWmkXiNsYXNzoj24onl9LHs4Zp33bGQ4O4J4cp3aXgN3bCosopFs6WFzoj24dF9lYpF2XgN3bGVrdG9yo4w4bGFuZgVhZiU4O3tdLCJsYWJ3bCoIokJy6X55UiVso4w4Zp9ybV9ncp9lcCoIMCw4cpVxdW3yZWQ4O4owo4w4dp33dyoIMSw4dH3wZSoIonR3eHQ4LCJhZGQ4OjEsonN1epU4O4owo4w4ZWR1dCoIMSw4ciVhcpN2oj24MSosonNvcnRs6XN0oj20LCJvcHR1bia4Ons4bgB0XgRmcGU4O4o4LCJsbi9rdXBfcXV3cnk4O4o4LCJsbi9rdXBfdGF4bGU4O4o4LCJsbi9rdXBf6iVmoj24o4w4bG9v6gVwXgZhbHV3oj24o4w46XNfZGVwZWmkZWmjeSoIo4osop3zXillbHR1cGx3oj24o4w4bG9v6gVwXiR3cGVuZGVuYg3f6iVmoj24o4w4cGF06F90bl9lcGxvYWQ4O4o4LCJyZXN1epVfdi3kdG54O4o4LCJyZXN1epVf6GV1Zih0oj24o4w4dXBsbiFkXgRmcGU4O4o4LCJ0bi9sdG3woj24o4w4YXR0cp34dXR3oj24o4w4ZXh0ZWmkXiNsYXNzoj24onl9LHs4Zp33bGQ4O4Jw6F9zZWw4LCJhbG3hcyoIonRfdWJh6F9zZWx36gRvc4osopxhbpdlYWd3oj1bXSw4bGF4ZWw4O4JQ6CBTZWw4LCJpbgJtXidybgVwoj2wLCJyZXFl6XJ3ZCoIojA4LCJi6WVgoj2xLCJ0eXB3oj24dGVadCosopFkZCoIMSw4ci3IZSoIojA4LCJ3ZG30oj2xLCJzZWFyYi54O4oxo4w4ci9ydGx1cgQ4OjUsop9wdG3vb4oIeyJvcHRfdH3wZSoIo4osopxvbitlcF9xdWVyeSoIo4osopxvbitlcF90YWJsZSoIo4osopxvbitlcF9rZXk4O4o4LCJsbi9rdXBfdpFsdWU4O4o4LCJ1cl9kZXB3bpR3bpNmoj24o4w46XNfbXVsdG3wbGU4O4o4LCJsbi9rdXBfZGVwZWmkZWmjeV9rZXk4O4o4LCJwYXR2XgRvXgVwbG9hZCoIo4osonJ3ci3IZV9g6WR06CoIo4osonJ3ci3IZV92ZW3n6HQ4O4o4LCJlcGxvYWRfdH3wZSoIo4osonRvbix06XA4O4o4LCJhdHRy6WJldGU4O4o4LCJ3eHR3bpRfYixhcgM4O4o4fX0seyJp6WVsZCoIopFsYXNhb4osopFs6WFzoj24dF9lYpF2XgN3bGVrdG9yo4w4bGFuZgVhZiU4O3tdLCJsYWJ3bCoIokFsYXNhb4osopZvcplfZgJvdXA4OjAsonJ3cXV1cpVkoj24MCosonZ1ZXc4OjEsonRmcGU4O4J0ZXh0o4w4YWRkoj2xLCJz6X13oj24MCosopVk6XQ4OjEsonN3YXJj6CoIojE4LCJzbgJ0bG3zdCoIN4w4bgB06W9uoj17op9wdF90eXB3oj24o4w4bG9v6gVwXgFlZXJmoj24o4w4bG9v6gVwXgRhYpx3oj24o4w4bG9v6gVwXit3eSoIo4osopxvbitlcF9iYWxlZSoIo4osop3zXiR3cGVuZGVuYgk4O4o4LCJ1cl9tdWx06XBsZSoIo4osopxvbitlcF9kZXB3bpR3bpNmXit3eSoIo4osonBhdGhfdG9fdXBsbiFkoj24o4w4cpVz6X13Xgd1ZHR2oj24o4w4cpVz6X13Xih36Wd2dCoIo4osonVwbG9hZF90eXB3oj24o4w4dG9vbHR1cCoIo4osopF0dHJ1YnV0ZSoIo4osopVadGVuZF9jbGFzcyoIo4J9fSx7opZ1ZWxkoj24cgRhdHVzo4w4YWx1YXM4O4J0XgV4YWhfciVsZWt0bgo4LCJsYWmndWFnZSoIWl0sopxhYpVsoj24UgRhdHVzo4w4Zp9ybV9ncp9lcCoIMCw4cpVxdW3yZWQ4O4owo4w4dp33dyoIMCw4dH3wZSoIonR3eHQ4LCJhZGQ4OjEsonN1epU4O4owo4w4ZWR1dCoIMSw4ciVhcpN2oj2wLCJzbgJ0bG3zdCoINyw4bgB06W9uoj17op9wdF90eXB3oj24o4w4bG9v6gVwXgFlZXJmoj24o4w4bG9v6gVwXgRhYpx3oj24o4w4bG9v6gVwXit3eSoIo4osopxvbitlcF9iYWxlZSoIo4osop3zXiR3cGVuZGVuYgk4O4o4LCJ1cl9tdWx06XBsZSoIo4osopxvbitlcF9kZXB3bpR3bpNmXit3eSoIo4osonBhdGhfdG9fdXBsbiFkoj24o4w4cpVz6X13Xgd1ZHR2oj24o4w4cpVz6X13Xih36Wd2dCoIo4osonVwbG9hZF90eXB3oj24o4w4dG9vbHR1cCoIo4osopF0dHJ1YnV0ZSoIo4osopVadGVuZF9jbGFzcyoIo4J9fSx7opZ1ZWxkoj24dXN3c39jcpVhdGU4LCJhbG3hcyoIonRfdWJh6F9zZWx36gRvc4osopxhbpdlYWd3oj1bXSw4bGF4ZWw4O4JVciVyoENyZWF0ZSosopZvcplfZgJvdXA4OjAsonJ3cXV1cpVkoj24MCosonZ1ZXc4OjAsonRmcGU4O4J0ZXh0o4w4YWRkoj2xLCJz6X13oj24MCosopVk6XQ4OjEsonN3YXJj6CoIMCw4ci9ydGx1cgQ4Oj5sop9wdG3vb4oIeyJvcHRfdH3wZSoIo4osopxvbitlcF9xdWVyeSoIo4osopxvbitlcF90YWJsZSoIo4osopxvbitlcF9rZXk4O4o4LCJsbi9rdXBfdpFsdWU4O4o4LCJ1cl9kZXB3bpR3bpNmoj24o4w46XNfbXVsdG3wbGU4O4o4LCJsbi9rdXBfZGVwZWmkZWmjeV9rZXk4O4o4LCJwYXR2XgRvXgVwbG9hZCoIo4osonJ3ci3IZV9g6WR06CoIo4osonJ3ci3IZV92ZW3n6HQ4O4o4LCJlcGxvYWRfdH3wZSoIo4osonRvbix06XA4O4o4LCJhdHRy6WJldGU4O4o4LCJ3eHR3bpRfYixhcgM4O4o4fX0seyJp6WVsZCoIonRnbF9jcpVhdGU4LCJhbG3hcyoIonRfdWJh6F9zZWx36gRvc4osopxhbpdlYWd3oj1bXSw4bGF4ZWw4O4JUZiw5QgJ3YXR3o4w4Zp9ybV9ncp9lcCoIMCw4cpVxdW3yZWQ4O4owo4w4dp33dyoIMCw4dH3wZSoIonR3eHRfZGF0ZXR1bWU4LCJhZGQ4OjEsonN1epU4O4owo4w4ZWR1dCoIMSw4ciVhcpN2oj2wLCJzbgJ0bG3zdCoIOSw4bgB06W9uoj17op9wdF90eXB3oj24o4w4bG9v6gVwXgFlZXJmoj24o4w4bG9v6gVwXgRhYpx3oj24o4w4bG9v6gVwXit3eSoIo4osopxvbitlcF9iYWxlZSoIo4osop3zXiR3cGVuZGVuYgk4O4o4LCJ1cl9tdWx06XBsZSoIo4osopxvbitlcF9kZXB3bpR3bpNmXit3eSoIo4osonBhdGhfdG9fdXBsbiFkoj24o4w4cpVz6X13Xgd1ZHR2oj24o4w4cpVz6X13Xih36Wd2dCoIo4osonVwbG9hZF90eXB3oj24o4w4dG9vbHR1cCoIo4osopF0dHJ1YnV0ZSoIo4osopVadGVuZF9jbGFzcyoIo4J9fSx7opZ1ZWxkoj24dXN3c39hcHBybgZ3o4w4YWx1YXM4O4J0XgV4YWhfciVsZWt0bgo4LCJsYWmndWFnZSoIWl0sopxhYpVsoj24VXN3c4BBcHBybgZ3o4w4Zp9ybV9ncp9lcCoIMCw4cpVxdW3yZWQ4O4owo4w4dp33dyoIMCw4dH3wZSoIonR3eHQ4LCJhZGQ4OjEsonN1epU4O4owo4w4ZWR1dCoIMSw4ciVhcpN2oj2wLCJzbgJ0bG3zdCoIMTAsop9wdG3vb4oIeyJvcHRfdH3wZSoIo4osopxvbitlcF9xdWVyeSoIo4osopxvbitlcF90YWJsZSoIo4osopxvbitlcF9rZXk4O4o4LCJsbi9rdXBfdpFsdWU4O4o4LCJ1cl9kZXB3bpR3bpNmoj24o4w46XNfbXVsdG3wbGU4O4o4LCJsbi9rdXBfZGVwZWmkZWmjeV9rZXk4O4o4LCJwYXR2XgRvXgVwbG9hZCoIo4osonJ3ci3IZV9g6WR06CoIo4osonJ3ci3IZV92ZW3n6HQ4O4o4LCJlcGxvYWRfdH3wZSoIo4osonRvbix06XA4O4o4LCJhdHRy6WJldGU4O4o4LCJ3eHR3bpRfYixhcgM4O4o4fX0seyJp6WVsZCoIonRnbF9hcHBybgZ3o4w4YWx1YXM4O4J0XgV4YWhfciVsZWt0bgo4LCJsYWmndWFnZSoIWl0sopxhYpVsoj24VGdsoEFwcHJvdpU4LCJpbgJtXidybgVwoj2wLCJyZXFl6XJ3ZCoIojA4LCJi6WVgoj2wLCJ0eXB3oj24dGVadF9kYXR3dG3tZSosopFkZCoIMSw4ci3IZSoIojA4LCJ3ZG30oj2xLCJzZWFyYi54OjAsonNvcnRs6XN0oj2xMSw4bgB06W9uoj17op9wdF90eXB3oj24o4w4bG9v6gVwXgFlZXJmoj24o4w4bG9v6gVwXgRhYpx3oj24o4w4bG9v6gVwXit3eSoIo4osopxvbitlcF9iYWxlZSoIo4osop3zXiR3cGVuZGVuYgk4O4o4LCJ1cl9tdWx06XBsZSoIo4osopxvbitlcF9kZXB3bpR3bpNmXit3eSoIo4osonBhdGhfdG9fdXBsbiFkoj24o4w4cpVz6X13Xgd1ZHR2oj24o4w4cpVz6X13Xih36Wd2dCoIo4osonVwbG9hZF90eXB3oj24o4w4dG9vbHR1cCoIo4osopF0dHJ1YnV0ZSoIo4osopVadGVuZF9jbGFzcyoIo4J9fSx7opZ1ZWxkoj24bp9fYpE4LCJhbG3hcyoIonRfdWJh6F9zZWx36gRvc4osopxhbpdlYWd3oj1bXSw4bGF4ZWw4O4JObyBCYSosopZvcplfZgJvdXA4OjEsonJ3cXV1cpVkoj24MCosonZ1ZXc4OjEsonRmcGU4O4J0ZXh0o4w4YWRkoj2xLCJz6X13oj24MCosopVk6XQ4OjEsonN3YXJj6CoIojE4LCJzbgJ0bG3zdCoIMTosop9wdG3vb4oIeyJvcHRfdH3wZSoIo4osopxvbitlcF9xdWVyeSoIo4osopxvbitlcF90YWJsZSoIo4osopxvbitlcF9rZXk4O4o4LCJsbi9rdXBfdpFsdWU4O4o4LCJ1cl9kZXB3bpR3bpNmoj24o4w46XNfbXVsdG3wbGU4O4o4LCJsbi9rdXBfZGVwZWmkZWmjeV9rZXk4O4o4LCJwYXR2XgRvXgVwbG9hZCoIo4osonJ3ci3IZV9g6WR06CoIo4osonJ3ci3IZV92ZW3n6HQ4O4o4LCJlcGxvYWRfdH3wZSoIo4osonRvbix06XA4O4o4LCJhdHRy6WJldGU4O4o4LCJ3eHR3bpRfYixhcgM4O4o4fX0seyJp6WVsZCoIonJfcGVybp9fbWFuZG9yo4w4YWx1YXM4O4J0XgV4YWhfciVsZWt0bgo4LCJsYWmndWFnZSoIWl0sopxhYpVsoj24RWR1dCBNYWmkbgo4LCJpbgJtXidybgVwoj2xLCJyZXFl6XJ3ZCoIojA4LCJi6WVgoj2xLCJ0eXB3oj24ciVsZWN0o4w4YWRkoj2xLCJz6X13oj24MCosopVk6XQ4OjEsonN3YXJj6CoIojE4LCJzbgJ0bG3zdCoIMTMsop9wdG3vb4oIeyJvcHRfdH3wZSoIopVadGVybpFso4w4bG9v6gVwXgFlZXJmoj24o4w4bG9v6gVwXgRhYpx3oj24ciFwXilf6iFyeWFgYWa4LCJsbi9rdXBf6iVmoj24UGVycimvo4w4bG9v6gVwXgZhbHV3oj24bpFtZSosop3zXiR3cGVuZGVuYgk4O4o4LCJ1cl9tdWx06XBsZSoIo4osopxvbitlcF9kZXB3bpR3bpNmXit3eSoIo4osonBhdGhfdG9fdXBsbiFkoj24o4w4cpVz6X13Xgd1ZHR2oj24o4w4cpVz6X13Xih36Wd2dCoIo4osonVwbG9hZF90eXB3oj24o4w4dG9vbHR1cCoIo4osopF0dHJ1YnV0ZSoIo4osopVadGVuZF9jbGFzcyoIo4J9fSx7opZ1ZWxkoj24c394cp3aXgN3bCosopFs6WFzoj24dF9lYpF2XgN3bGVrdG9yo4w4bGFuZgVhZiU4O3tdLCJsYWJ3bCoIokVk6XQ5oEJy6X55UiVso4w4Zp9ybV9ncp9lcCoIMSw4cpVxdW3yZWQ4O4owo4w4dp33dyoIMSw4dH3wZSoIonR3eHQ4LCJhZGQ4OjEsonN1epU4O4owo4w4ZWR1dCoIMSw4ciVhcpN2oj24MSosonNvcnRs6XN0oj2xNCw4bgB06W9uoj17op9wdF90eXB3oj24o4w4bG9v6gVwXgFlZXJmoj24o4w4bG9v6gVwXgRhYpx3oj24o4w4bG9v6gVwXit3eSoIo4osopxvbitlcF9iYWxlZSoIo4osop3zXiR3cGVuZGVuYgk4O4o4LCJ1cl9tdWx06XBsZSoIo4osopxvbitlcF9kZXB3bpR3bpNmXit3eSoIo4osonBhdGhfdG9fdXBsbiFkoj24o4w4cpVz6X13Xgd1ZHR2oj24o4w4cpVz6X13Xih36Wd2dCoIo4osonVwbG9hZF90eXB3oj24o4w4dG9vbHR1cCoIo4osopF0dHJ1YnV0ZSoIo4osopVadGVuZF9jbGFzcyoIo4J9fSx7opZ1ZWxkoj24c39w6F9zZWw4LCJhbG3hcyoIonRfdWJh6F9zZWx36gRvc4osopxhbpdlYWd3oj1bXSw4bGF4ZWw4O4JFZG30oFB2oFN3bCosopZvcplfZgJvdXA4OjEsonJ3cXV1cpVkoj24MCosonZ1ZXc4OjEsonRmcGU4O4J0ZXh0o4w4YWRkoj2xLCJz6X13oj24MCosopVk6XQ4OjEsonN3YXJj6CoIojE4LCJzbgJ0bG3zdCoIMTUsop9wdG3vb4oIeyJvcHRfdH3wZSoIo4osopxvbitlcF9xdWVyeSoIo4osopxvbitlcF90YWJsZSoIo4osopxvbitlcF9rZXk4O4o4LCJsbi9rdXBfdpFsdWU4O4o4LCJ1cl9kZXB3bpR3bpNmoj24o4w46XNfbXVsdG3wbGU4O4o4LCJsbi9rdXBfZGVwZWmkZWmjeV9rZXk4O4o4LCJwYXR2XgRvXgVwbG9hZCoIo4osonJ3ci3IZV9g6WR06CoIo4osonJ3ci3IZV92ZW3n6HQ4O4o4LCJlcGxvYWRfdH3wZSoIo4osonRvbix06XA4O4o4LCJhdHRy6WJldGU4O4o4LCJ3eHR3bpRfYixhcgM4O4o4fX0seyJp6WVsZCoIonJfZG30bixh6l9zZWw4LCJhbG3hcyoIonRfdWJh6F9zZWx36gRvc4osopxhbpdlYWd3oj1bXSw4bGF4ZWw4O4JFZG30oER1dG9sYWs5UiVso4w4Zp9ybV9ncp9lcCoIMSw4cpVxdW3yZWQ4O4owo4w4dp33dyoIMSw4dH3wZSoIonN3bGVjdCosopFkZCoIMSw4ci3IZSoIojA4LCJ3ZG30oj2xLCJzZWFyYi54O4oxo4w4ci9ydGx1cgQ4OjEiLCJvcHR1bia4Ons4bgB0XgRmcGU4O4JkYXRhbG3zdCosopxvbitlcF9xdWVyeSoIojAIVG3kYWt8MT1ZYSosopxvbitlcF90YWJsZSoIo4osopxvbitlcF9rZXk4O4o4LCJsbi9rdXBfdpFsdWU4O4o4LCJ1cl9kZXB3bpR3bpNmoj24o4w46XNfbXVsdG3wbGU4O4o4LCJsbi9rdXBfZGVwZWmkZWmjeV9rZXk4O4o4LCJwYXR2XgRvXgVwbG9hZCoIo4osonJ3ci3IZV9g6WR06CoIo4osonJ3ci3IZV92ZW3n6HQ4O4o4LCJlcGxvYWRfdH3wZSoIo4osonRvbix06XA4O4o4LCJhdHRy6WJldGU4O4o4LCJ3eHR3bpRfYixhcgM4O4o4fX0seyJp6WVsZCoIopR1dG9sYWtfciVso4w4YWx1YXM4O4J0XgV4YWhfciVsZWt0bgo4LCJsYWmndWFnZSoIWl0sopxhYpVsoj24RG30bixh6yBTZWw4LCJpbgJtXidybgVwoj2xLCJyZXFl6XJ3ZCoIojA4LCJi6WVgoj2xLCJ0eXB3oj24dGVadCosopFkZCoIMSw4ci3IZSoIojA4LCJ3ZG30oj2xLCJzZWFyYi54O4oxo4w4ci9ydGx1cgQ4OjEgLCJvcHR1bia4Ons4bgB0XgRmcGU4O4o4LCJsbi9rdXBfcXV3cnk4O4o4LCJsbi9rdXBfdGF4bGU4O4o4LCJsbi9rdXBf6iVmoj24o4w4bG9v6gVwXgZhbHV3oj24o4w46XNfZGVwZWmkZWmjeSoIo4osop3zXillbHR1cGx3oj24o4w4bG9v6gVwXiR3cGVuZGVuYg3f6iVmoj24o4w4cGF06F90bl9lcGxvYWQ4O4o4LCJyZXN1epVfdi3kdG54O4o4LCJyZXN1epVf6GV1Zih0oj24o4w4dXBsbiFkXgRmcGU4O4o4LCJ0bi9sdG3woj24o4w4YXR0cp34dXR3oj24o4w4ZXh0ZWmkXiNsYXNzoj24onl9XSw4ZgJ1ZCoIWgs4Zp33bGQ4O4J1ZCosopFs6WFzoj24dF9lYpF2XgN3bGVrdG9yo4w4bGFuZgVhZiU4O3tdLCJsYWJ3bCoIok3ko4w4dp33dyoIMCw4ZGV0YW3soj2wLCJzbgJ0YWJsZSoIMCw4ciVhcpN2oj2xLCJkbgdubG9hZCoIMCw4ZnJvepVuoj2xLCJg6WR06CoIojEwMCosopFs6Wduoj24bGVpdCosonNvcnRs6XN0oj24MCosopNvbpa4Ons4dpFs6WQ4O4owo4w4ZGo4O4o4LCJrZXk4O4o4LCJk6XNwbGFmoj24on0sopF0dHJ1YnV0ZSoIeyJ2eXB3cpx1bps4Ons4YWN06XZ3oj2xLCJs6Wmroj24o4w4dGFyZiV0oj24o4w46HRtbCoIo4J9LCJ1bWFnZSoIeyJhYgR1dpU4OjAsonBhdG54O4o4LCJz6X13Xg54O4o4LCJz6X13Xgk4O4o4LCJ2dGlsoj24onl9fSx7opZ1ZWxkoj24bp9fYpE4LCJhbG3hcyoIonRfdWJh6F9zZWx36gRvc4osopxhbpdlYWd3oj1bXSw4bGF4ZWw4O4JObyBCYSosonZ1ZXc4OjEsopR3dGF1bCoIMSw4ci9ydGF4bGU4OjEsonN3YXJj6CoIMSw4ZG9gbpxvYWQ4OjEsopZybg13b4oIMSw4di3kdG54O4oxMDA4LCJhbG3nb4oIopx3ZnQ4LCJzbgJ0bG3zdCoIojE4LCJjbimuoj17onZhbG3koj24MCosopR4oj24o4w46iVmoj24o4w4ZG3zcGxheSoIo4J9LCJhdHRy6WJldGU4Ons46H3wZXJs6Wmroj17opFjdG3iZSoIMSw4bG3u6yoIo4osonRhcpd3dCoIo4osoph0bWw4O4o4fSw46WlhZiU4Ons4YWN06XZ3oj2wLCJwYXR2oj24o4w4ci3IZV9aoj24o4w4ci3IZV9moj24o4w46HRtbCoIo4J9fX0seyJp6WVsZCoIop3kXgNwdGE4LCJhbG3hcyoIonRfdWJh6F9zZWx36gRvc4osopxhbpdlYWd3oj1bXSw4bGF4ZWw4O4JJZCBTcHRho4w4dp33dyoIMCw4ZGV0YW3soj2wLCJzbgJ0YWJsZSoIMCw4ciVhcpN2oj2xLCJkbgdubG9hZCoIMSw4ZnJvepVuoj2xLCJg6WR06CoIojEwMCosopFs6Wduoj24bGVpdCosonNvcnRs6XN0oj24M4osopNvbpa4Ons4dpFs6WQ4O4owo4w4ZGo4O4o4LCJrZXk4O4o4LCJk6XNwbGFmoj24on0sopF0dHJ1YnV0ZSoIeyJ2eXB3cpx1bps4Ons4YWN06XZ3oj2xLCJs6Wmroj24o4w4dGFyZiV0oj24o4w46HRtbCoIo4J9LCJ1bWFnZSoIeyJhYgR1dpU4OjAsonBhdG54O4o4LCJz6X13Xg54O4o4LCJz6X13Xgk4O4o4LCJ2dGlsoj24onl9fSx7opZ1ZWxkoj24bp9fcgB0YSosopFs6WFzoj24dF9lYpF2XgN3bGVrdG9yo4w4bGFuZgVhZiU4O3tdLCJsYWJ3bCoIokmvoFNwdGE4LCJi6WVgoj2xLCJkZXRh6Ww4OjEsonNvcnRhYpx3oj2xLCJzZWFyYi54OjEsopRvdimsbiFkoj2xLCJpcp9IZWa4OjEsond1ZHR2oj24MTAwo4w4YWx1Zia4O4JsZWZ0o4w4ci9ydGx1cgQ4O4ozo4w4Yi9ub4oIeyJiYWx1ZCoIojA4LCJkY4oIo4osopt3eSoIo4osopR1cgBsYXk4O4o4fSw4YXR0cp34dXR3oj17ophmcGVybG3u6yoIeyJhYgR1dpU4OjEsopx1bps4O4o4LCJ0YXJnZXQ4O4o4LCJ2dGlsoj24on0sop3tYWd3oj17opFjdG3iZSoIMCw4cGF06CoIo4osonN1epVfeCoIo4osonN1epVfeSoIo4osoph0bWw4O4o4fXl9LHs4Zp33bGQ4O4JwZXJzbp9fbWFuZG9yo4w4YWx1YXM4O4J0XgV4YWhfciVsZWt0bgo4LCJsYWmndWFnZSoIWl0sopxhYpVsoj24UGVycimvoElhbpRvc4osonZ1ZXc4OjAsopR3dGF1bCoIMSw4ci9ydGF4bGU4OjAsonN3YXJj6CoIMSw4ZG9gbpxvYWQ4OjEsopZybg13b4oIMSw4di3kdG54O4oxMDA4LCJhbG3nb4oIopx3ZnQ4LCJzbgJ0bG3zdCoIojQ4LCJjbimuoj17onZhbG3koj24MCosopR4oj24o4w46iVmoj24o4w4ZG3zcGxheSoIo4J9LCJhdHRy6WJldGU4Ons46H3wZXJs6Wmroj17opFjdG3iZSoIMSw4bG3u6yoIo4osonRhcpd3dCoIo4osoph0bWw4O4o4fSw46WlhZiU4Ons4YWN06XZ3oj2wLCJwYXR2oj24o4w4ci3IZV9aoj24o4w4ci3IZV9moj24o4w46HRtbCoIo4J9fX0seyJp6WVsZCoIopJy6XhfciVso4w4YWx1YXM4O4J0XgV4YWhfciVsZWt0bgo4LCJsYWmndWFnZSoIWl0sopxhYpVsoj24QnJ1eCBTZWw4LCJi6WVgoj2wLCJkZXRh6Ww4OjEsonNvcnRhYpx3oj2xLCJzZWFyYi54OjEsopRvdimsbiFkoj2xLCJpcp9IZWa4OjEsond1ZHR2oj24MTAwo4w4YWx1Zia4O4JsZWZ0o4w4ci9ydGx1cgQ4O4oio4w4Yi9ub4oIeyJiYWx1ZCoIojA4LCJkY4oIo4osopt3eSoIo4osopR1cgBsYXk4O4o4fSw4YXR0cp34dXR3oj17ophmcGVybG3u6yoIeyJhYgR1dpU4OjEsopx1bps4O4o4LCJ0YXJnZXQ4O4o4LCJ2dGlsoj24on0sop3tYWd3oj17opFjdG3iZSoIMCw4cGF06CoIo4osonN1epVfeCoIo4osonN1epVfeSoIo4osoph0bWw4O4o4fXl9LHs4Zp33bGQ4O4Jw6F9zZWw4LCJhbG3hcyoIonRfdWJh6F9zZWx36gRvc4osopxhbpdlYWd3oj1bXSw4bGF4ZWw4O4JQ6CBTZWw4LCJi6WVgoj2wLCJkZXRh6Ww4OjEsonNvcnRhYpx3oj2xLCJzZWFyYi54OjEsopRvdimsbiFkoj2xLCJpcp9IZWa4OjEsond1ZHR2oj24MTAwo4w4YWx1Zia4O4JsZWZ0o4w4ci9ydGx1cgQ4O4ogo4w4Yi9ub4oIeyJiYWx1ZCoIojA4LCJkY4oIo4osopt3eSoIo4osopR1cgBsYXk4O4o4fSw4YXR0cp34dXR3oj17ophmcGVybG3u6yoIeyJhYgR1dpU4OjEsopx1bps4O4o4LCJ0YXJnZXQ4O4o4LCJ2dGlsoj24on0sop3tYWd3oj17opFjdG3iZSoIMCw4cGF06CoIo4osonN1epVfeCoIo4osonN1epVfeSoIo4osoph0bWw4O4o4fXl9LHs4Zp33bGQ4O4Jk6XRvbGFrXgN3bCosopFs6WFzoj24dF9lYpF2XgN3bGVrdG9yo4w4bGFuZgVhZiU4O3tdLCJsYWJ3bCoIokR1dG9sYWs5UiVso4w4dp33dyoIMCw4ZGV0YW3soj2xLCJzbgJ0YWJsZSoIMSw4ciVhcpN2oj2xLCJkbgdubG9hZCoIMSw4ZnJvepVuoj2xLCJg6WR06CoIojEwMCosopFs6Wduoj24bGVpdCosonNvcnRs6XN0oj24OSosopNvbpa4Ons4dpFs6WQ4O4owo4w4ZGo4O4o4LCJrZXk4O4o4LCJk6XNwbGFmoj24on0sopF0dHJ1YnV0ZSoIeyJ2eXB3cpx1bps4Ons4YWN06XZ3oj2xLCJs6Wmroj24o4w4dGFyZiV0oj24o4w46HRtbCoIo4J9LCJ1bWFnZSoIeyJhYgR1dpU4OjAsonBhdG54O4o4LCJz6X13Xg54O4o4LCJz6X13Xgk4O4o4LCJ2dGlsoj24onl9fSx7opZ1ZWxkoj24c39wZXJubl9tYWmkbgo4LCJhbG3hcyoIonRfdWJh6F9zZWx36gRvc4osopxhbpdlYWd3oj1bXSw4bGF4ZWw4O4JSoFB3cpmvoElhbpRvc4osonZ1ZXc4OjAsopR3dGF1bCoIMSw4ci9ydGF4bGU4OjEsonN3YXJj6CoIMSw4ZG9gbpxvYWQ4OjEsopZybg13b4oIMSw4di3kdG54O4oxMDA4LCJhbG3nb4oIopx3ZnQ4LCJzbgJ0bG3zdCoIojExo4w4Yi9ub4oIeyJiYWx1ZCoIojA4LCJkY4oIo4osopt3eSoIo4osopR1cgBsYXk4O4o4fSw4YXR0cp34dXR3oj17ophmcGVybG3u6yoIeyJhYgR1dpU4OjEsopx1bps4O4o4LCJ0YXJnZXQ4O4o4LCJ2dGlsoj24on0sop3tYWd3oj17opFjdG3iZSoIMCw4cGF06CoIo4osonN1epVfeCoIo4osonN1epVfeSoIo4osoph0bWw4O4o4fXl9LHs4Zp33bGQ4O4JhbGFzYWa4LCJhbG3hcyoIonRfdWJh6F9zZWx36gRvc4osopxhbpdlYWd3oj1bXSw4bGF4ZWw4O4JBbGFzYWa4LCJi6WVgoj2xLCJkZXRh6Ww4OjEsonNvcnRhYpx3oj2xLCJzZWFyYi54OjEsopRvdimsbiFkoj2xLCJpcp9IZWa4OjEsond1ZHR2oj24MTAwo4w4YWx1Zia4O4JsZWZ0o4w4ci9ydGx1cgQ4O4oxM4osopNvbpa4Ons4dpFs6WQ4O4owo4w4ZGo4O4o4LCJrZXk4O4o4LCJk6XNwbGFmoj24on0sopF0dHJ1YnV0ZSoIeyJ2eXB3cpx1bps4Ons4YWN06XZ3oj2xLCJs6Wmroj24o4w4dGFyZiV0oj24o4w46HRtbCoIo4J9LCJ1bWFnZSoIeyJhYgR1dpU4OjAsonBhdG54O4o4LCJz6X13Xg54O4o4LCJz6X13Xgk4O4o4LCJ2dGlsoj24onl9fSx7opZ1ZWxkoj24c394cp3aXgN3bCosopFs6WFzoj24dF9lYpF2XgN3bGVrdG9yo4w4bGFuZgVhZiU4O3tdLCJsYWJ3bCoIo3o5QnJ1eCBTZWw4LCJi6WVgoj2wLCJkZXRh6Ww4OjEsonNvcnRhYpx3oj2xLCJzZWFyYi54OjEsopRvdimsbiFkoj2xLCJpcp9IZWa4OjEsond1ZHR2oj24MTAwo4w4YWx1Zia4O4JsZWZ0o4w4ci9ydGx1cgQ4O4oxMyosopNvbpa4Ons4dpFs6WQ4O4owo4w4ZGo4O4o4LCJrZXk4O4o4LCJk6XNwbGFmoj24on0sopF0dHJ1YnV0ZSoIeyJ2eXB3cpx1bps4Ons4YWN06XZ3oj2xLCJs6Wmroj24o4w4dGFyZiV0oj24o4w46HRtbCoIo4J9LCJ1bWFnZSoIeyJhYgR1dpU4OjAsonBhdG54O4o4LCJz6X13Xg54O4o4LCJz6X13Xgk4O4o4LCJ2dGlsoj24onl9fSx7opZ1ZWxkoj24c39w6F9zZWw4LCJhbG3hcyoIonRfdWJh6F9zZWx36gRvc4osopxhbpdlYWd3oj1bXSw4bGF4ZWw4O4JSoFB2oFN3bCosonZ1ZXc4OjAsopR3dGF1bCoIMSw4ci9ydGF4bGU4OjEsonN3YXJj6CoIMSw4ZG9gbpxvYWQ4OjEsopZybg13b4oIMSw4di3kdG54O4oxMDA4LCJhbG3nb4oIopx3ZnQ4LCJzbgJ0bG3zdCoIojE0o4w4Yi9ub4oIeyJiYWx1ZCoIojA4LCJkY4oIo4osopt3eSoIo4osopR1cgBsYXk4O4o4fSw4YXR0cp34dXR3oj17ophmcGVybG3u6yoIeyJhYgR1dpU4OjEsopx1bps4O4o4LCJ0YXJnZXQ4O4o4LCJ2dGlsoj24on0sop3tYWd3oj17opFjdG3iZSoIMCw4cGF06CoIo4osonN1epVfeCoIo4osonN1epVfeSoIo4osoph0bWw4O4o4fXl9LHs4Zp33bGQ4O4JyXiR1dG9sYWtfciVso4w4YWx1YXM4O4J0XgV4YWhfciVsZWt0bgo4LCJsYWmndWFnZSoIWl0sopxhYpVsoj24U4BE6XRvbGFroFN3bCosonZ1ZXc4OjAsopR3dGF1bCoIMSw4ci9ydGF4bGU4OjEsonN3YXJj6CoIMSw4ZG9gbpxvYWQ4OjEsopZybg13b4oIMSw4di3kdG54O4oxMDA4LCJhbG3nb4oIopx3ZnQ4LCJzbgJ0bG3zdCoIojEio4w4Yi9ub4oIeyJiYWx1ZCoIojA4LCJkY4oIo4osopt3eSoIo4osopR1cgBsYXk4O4o4fSw4YXR0cp34dXR3oj17ophmcGVybG3u6yoIeyJhYgR1dpU4OjEsopx1bps4O4o4LCJ0YXJnZXQ4O4o4LCJ2dGlsoj24on0sop3tYWd3oj17opFjdG3iZSoIMCw4cGF06CoIo4osonN1epVfeCoIo4osonN1epVfeSoIo4osoph0bWw4O4o4fXl9LHs4Zp33bGQ4O4JzdGF0dXM4LCJhbG3hcyoIonRfdWJh6F9zZWx36gRvc4osopxhbpdlYWd3oj1bXSw4bGF4ZWw4O4JTdGF0dXM4LCJi6WVgoj2xLCJkZXRh6Ww4OjEsonNvcnRhYpx3oj2xLCJzZWFyYi54OjEsopRvdimsbiFkoj2xLCJpcp9IZWa4OjEsond1ZHR2oj24MTAwo4w4YWx1Zia4O4JsZWZ0o4w4ci9ydGx1cgQ4O4oxOCosopNvbpa4Ons4dpFs6WQ4O4owo4w4ZGo4O4o4LCJrZXk4O4o4LCJk6XNwbGFmoj24on0sopF0dHJ1YnV0ZSoIeyJ2eXB3cpx1bps4Ons4YWN06XZ3oj2xLCJs6Wmroj24o4w4dGFyZiV0oj24o4w46HRtbCoIo4J9LCJ1bWFnZSoIeyJhYgR1dpU4OjAsonBhdG54O4o4LCJz6X13Xg54O4o4LCJz6X13Xgk4O4o4LCJ2dGlsoj24onl9fSx7opZ1ZWxkoj24dXN3c39jcpVhdGU4LCJhbG3hcyoIonRfdWJh6F9zZWx36gRvc4osopxhbpdlYWd3oj1bXSw4bGF4ZWw4O4JVciVyoENyZWF0ZSosonZ1ZXc4OjEsopR3dGF1bCoIMSw4ci9ydGF4bGU4OjEsonN3YXJj6CoIMSw4ZG9gbpxvYWQ4OjEsopZybg13b4oIMSw4di3kdG54O4oxMDA4LCJhbG3nb4oIopx3ZnQ4LCJzbgJ0bG3zdCoIojEmo4w4Yi9ub4oIeyJiYWx1ZCoIojA4LCJkY4oIo4osopt3eSoIo4osopR1cgBsYXk4O4o4fSw4YXR0cp34dXR3oj17ophmcGVybG3u6yoIeyJhYgR1dpU4OjEsopx1bps4O4o4LCJ0YXJnZXQ4O4o4LCJ2dGlsoj24on0sop3tYWd3oj17opFjdG3iZSoIMCw4cGF06CoIo4osonN1epVfeCoIo4osonN1epVfeSoIo4osoph0bWw4O4o4fXl9LHs4Zp33bGQ4O4J0ZixfYgJ3YXR3o4w4YWx1YXM4O4J0XgV4YWhfciVsZWt0bgo4LCJsYWmndWFnZSoIWl0sopxhYpVsoj24VGdsoENyZWF0ZSosonZ1ZXc4OjEsopR3dGF1bCoIMSw4ci9ydGF4bGU4OjEsonN3YXJj6CoIMSw4ZG9gbpxvYWQ4OjEsopZybg13b4oIMSw4di3kdG54O4oxMDA4LCJhbG3nb4oIopx3ZnQ4LCJzbgJ0bG3zdCoIojowo4w4Yi9ub4oIeyJiYWx1ZCoIojA4LCJkY4oIo4osopt3eSoIo4osopR1cgBsYXk4O4o4fSw4YXR0cp34dXR3oj17ophmcGVybG3u6yoIeyJhYgR1dpU4OjEsopx1bps4O4o4LCJ0YXJnZXQ4O4o4LCJ2dGlsoj24on0sop3tYWd3oj17opFjdG3iZSoIMCw4cGF06CoIo4osonN1epVfeCoIo4osonN1epVfeSoIo4osoph0bWw4O4o4fXl9LHs4Zp33bGQ4O4JlciVyXiFwcHJvdpU4LCJhbG3hcyoIonRfdWJh6F9zZWx36gRvc4osopxhbpdlYWd3oj1bXSw4bGF4ZWw4O4JVciVyoEFwcHJvdpU4LCJi6WVgoj2xLCJkZXRh6Ww4OjEsonNvcnRhYpx3oj2xLCJzZWFyYi54OjEsopRvdimsbiFkoj2xLCJpcp9IZWa4OjEsond1ZHR2oj24MTAwo4w4YWx1Zia4O4JsZWZ0o4w4ci9ydGx1cgQ4O4oyMSosopNvbpa4Ons4dpFs6WQ4O4owo4w4ZGo4O4o4LCJrZXk4O4o4LCJk6XNwbGFmoj24on0sopF0dHJ1YnV0ZSoIeyJ2eXB3cpx1bps4Ons4YWN06XZ3oj2xLCJs6Wmroj24o4w4dGFyZiV0oj24o4w46HRtbCoIo4J9LCJ1bWFnZSoIeyJhYgR1dpU4OjAsonBhdG54O4o4LCJz6X13Xg54O4o4LCJz6X13Xgk4O4o4LCJ2dGlsoj24onl9fSx7opZ1ZWxkoj24dGdsXiFwcHJvdpU4LCJhbG3hcyoIonRfdWJh6F9zZWx36gRvc4osopxhbpdlYWd3oj1bXSw4bGF4ZWw4O4JUZiw5QXBwcp9iZSosonZ1ZXc4OjEsopR3dGF1bCoIMSw4ci9ydGF4bGU4OjEsonN3YXJj6CoIMSw4ZG9gbpxvYWQ4OjEsopZybg13b4oIMSw4di3kdG54O4oxMDA4LCJhbG3nb4oIopx3ZnQ4LCJzbgJ0bG3zdCoIojoyo4w4Yi9ub4oIeyJiYWx1ZCoIojA4LCJkY4oIo4osopt3eSoIo4osopR1cgBsYXk4O4o4fSw4YXR0cp34dXR3oj17ophmcGVybG3u6yoIeyJhYgR1dpU4OjEsopx1bps4O4o4LCJ0YXJnZXQ4O4o4LCJ2dGlsoj24on0sop3tYWd3oj17opFjdG3iZSoIMCw4cGF06CoIo4osonN1epVfeCoIo4osonN1epVfeSoIo4osoph0bWw4O4o4fXl9XX0=',NULL);
insert into `tb_module` (`module_id`, `module_name`, `module_title`, `module_note`, `module_author`, `module_created`, `module_desc`, `module_db`, `module_db_key`, `module_type`, `module_config`, `module_lang`) values('142','trubahari','Perubahan ARI','perubahan ARI data',NULL,'2018-05-28 19:02:15',NULL,'t_ubah_ari','id','addon','eyJ0YWJsZV9kY4oIonRfdWJh6F9hcpk4LCJwcp3tYXJmXit3eSoIop3ko4w4cgFsXgN3bGVjdCoIo4BTRUxFQlQ5dF9lYpF2XiFy6SaqoEZST005dF9lYpF2XiFy6SA4LCJzcWxfdih3cpU4O4o5V0hFUkU5dF9lYpF2XiFy6Sm1ZCBJUyBOTlQ5T3VMTCosonNxbF9ncp9lcCoIo4osopZvcplfYi9sdWluoj2yLCJpbgJtXixheW9ldCoIeyJjbixlbWa4OjosonR1dGx3oj24LSwto4w4Zp9ybWF0oj24ZgJ1ZCosopR1cgBsYXk4O4JiZXJ06WNhbCJ9LCJpbgJtcyoIWgs4Zp33bGQ4O4J1ZCosopFs6WFzoj24dF9lYpF2XiFy6SosopxhbpdlYWd3oj1bXSw4bGF4ZWw4O4JJZCosopZvcplfZgJvdXA4O4owo4w4cpVxdW3yZWQ4O4owo4w4dp33dyoIMSw4dH3wZSoIoph1ZGR3b4osopFkZCoIMSw4ci3IZSoIojA4LCJ3ZG30oj2xLCJzZWFyYi54O4oxo4w4ci9ydGx1cgQ4O4owo4w4bgB06W9uoj17op9wdF90eXB3oj24o4w4bG9v6gVwXgFlZXJmoj24o4w4bG9v6gVwXgRhYpx3oj24o4w4bG9v6gVwXit3eSoIo4osopxvbitlcF9iYWxlZSoIo4osop3zXiR3cGVuZGVuYgk4O4o4LCJ1cl9tdWx06XBsZSoIo4osopxvbitlcF9kZXB3bpR3bpNmXit3eSoIo4osonBhdGhfdG9fdXBsbiFkoj24o4w4cpVz6X13Xgd1ZHR2oj24o4w4cpVz6X13Xih36Wd2dCoIo4osonVwbG9hZF90eXB3oj24o4w4dG9vbHR1cCoIo4osopF0dHJ1YnV0ZSoIo4osopVadGVuZF9jbGFzcyoIo4J9fSx7opZ1ZWxkoj246WRfcgB0YSosopFs6WFzoj24dF9lYpF2XiFy6SosopxhbpdlYWd3oj1bXSw4bGF4ZWw4O4JJZCBTcHRho4w4Zp9ybV9ncp9lcCoIojA4LCJyZXFl6XJ3ZCoIojA4LCJi6WVgoj2xLCJ0eXB3oj246G3kZGVuo4w4YWRkoj2xLCJz6X13oj24MCosopVk6XQ4OjEsonN3YXJj6CoIojE4LCJzbgJ0bG3zdCoIojE4LCJvcHR1bia4Ons4bgB0XgRmcGU4O4o4LCJsbi9rdXBfcXV3cnk4O4o4LCJsbi9rdXBfdGF4bGU4O4o4LCJsbi9rdXBf6iVmoj24o4w4bG9v6gVwXgZhbHV3oj24o4w46XNfZGVwZWmkZWmjeSoIo4osop3zXillbHR1cGx3oj24o4w4bG9v6gVwXiR3cGVuZGVuYg3f6iVmoj24o4w4cGF06F90bl9lcGxvYWQ4O4o4LCJyZXN1epVfdi3kdG54O4o4LCJyZXN1epVf6GV1Zih0oj24o4w4dXBsbiFkXgRmcGU4O4o4LCJ0bi9sdG3woj24o4w4YXR0cp34dXR3oj24o4w4ZXh0ZWmkXiNsYXNzoj24onl9LHs4Zp33bGQ4O4Jubl9zcHRho4w4YWx1YXM4O4J0XgV4YWhfYXJ1o4w4bGFuZgVhZiU4O3tdLCJsYWJ3bCoIokmvoFNwdGE4LCJpbgJtXidybgVwoj24MCosonJ3cXV1cpVkoj24MCosonZ1ZXc4OjEsonRmcGU4O4J0ZXh0o4w4YWRkoj2xLCJz6X13oj24MCosopVk6XQ4OjEsonN3YXJj6CoIojE4LCJzbgJ0bG3zdCoIojo4LCJvcHR1bia4Ons4bgB0XgRmcGU4O4o4LCJsbi9rdXBfcXV3cnk4O4o4LCJsbi9rdXBfdGF4bGU4O4o4LCJsbi9rdXBf6iVmoj24o4w4bG9v6gVwXgZhbHV3oj24o4w46XNfZGVwZWmkZWmjeSoIo4osop3zXillbHR1cGx3oj24o4w4bG9v6gVwXiR3cGVuZGVuYg3f6iVmoj24o4w4cGF06F90bl9lcGxvYWQ4O4o4LCJyZXN1epVfdi3kdG54O4o4LCJyZXN1epVf6GV1Zih0oj24o4w4dXBsbiFkXgRmcGU4O4o4LCJ0bi9sdG3woj24o4w4YXR0cp34dXR3oj24o4w4ZXh0ZWmkXiNsYXNzoj24onl9LHs4Zp33bGQ4O4JwZXJzZWmfYnJ1eF9hcpk4LCJhbG3hcyoIonRfdWJh6F9hcpk4LCJsYWmndWFnZSoIWl0sopxhYpVsoj24UGVyciVuoEJy6X55QXJ1o4w4Zp9ybV9ncp9lcCoIojA4LCJyZXFl6XJ3ZCoIojA4LCJi6WVgoj2xLCJ0eXB3oj24dGVadCosopFkZCoIMSw4ci3IZSoIojA4LCJ3ZG30oj2xLCJzZWFyYi54O4oxo4w4ci9ydGx1cgQ4O4ozo4w4bgB06W9uoj17op9wdF90eXB3oj24o4w4bG9v6gVwXgFlZXJmoj24o4w4bG9v6gVwXgRhYpx3oj24o4w4bG9v6gVwXit3eSoIo4osopxvbitlcF9iYWxlZSoIo4osop3zXiR3cGVuZGVuYgk4O4o4LCJ1cl9tdWx06XBsZSoIo4osopxvbitlcF9kZXB3bpR3bpNmXit3eSoIo4osonBhdGhfdG9fdXBsbiFkoj24o4w4cpVz6X13Xgd1ZHR2oj24o4w4cpVz6X13Xih36Wd2dCoIo4osonVwbG9hZF90eXB3oj24o4w4dG9vbHR1cCoIo4osopF0dHJ1YnV0ZSoIo4osopVadGVuZF9jbGFzcyoIo4J9fSx7opZ1ZWxkoj24cGVyciVuXgBvbF9hcpk4LCJhbG3hcyoIonRfdWJh6F9hcpk4LCJsYWmndWFnZSoIWl0sopxhYpVsoj24UGVyciVuoFBvbCBBcpk4LCJpbgJtXidybgVwoj24MCosonJ3cXV1cpVkoj24MCosonZ1ZXc4OjEsonRmcGU4O4J0ZXh0o4w4YWRkoj2xLCJz6X13oj24MCosopVk6XQ4OjEsonN3YXJj6CoIojE4LCJzbgJ0bG3zdCoIojQ4LCJvcHR1bia4Ons4bgB0XgRmcGU4O4o4LCJsbi9rdXBfcXV3cnk4O4o4LCJsbi9rdXBfdGF4bGU4O4o4LCJsbi9rdXBf6iVmoj24o4w4bG9v6gVwXgZhbHV3oj24o4w46XNfZGVwZWmkZWmjeSoIo4osop3zXillbHR1cGx3oj24o4w4bG9v6gVwXiR3cGVuZGVuYg3f6iVmoj24o4w4cGF06F90bl9lcGxvYWQ4O4o4LCJyZXN1epVfdi3kdG54O4o4LCJyZXN1epVf6GV1Zih0oj24o4w4dXBsbiFkXgRmcGU4O4o4LCJ0bi9sdG3woj24o4w4YXR0cp34dXR3oj24o4w4ZXh0ZWmkXiNsYXNzoj24onl9LHs4Zp33bGQ4O4JlciVyXiNyZWF0ZSosopFs6WFzoj24dF9lYpF2XiFy6SosopxhbpdlYWd3oj1bXSw4bGF4ZWw4O4JVciVyoENyZWF0ZSosopZvcplfZgJvdXA4O4owo4w4cpVxdW3yZWQ4O4owo4w4dp33dyoIMCw4dH3wZSoIonR3eHQ4LCJhZGQ4OjEsonN1epU4O4owo4w4ZWR1dCoIMSw4ciVhcpN2oj2wLCJzbgJ0bG3zdCoIojU4LCJvcHR1bia4Ons4bgB0XgRmcGU4O4o4LCJsbi9rdXBfcXV3cnk4O4o4LCJsbi9rdXBfdGF4bGU4O4o4LCJsbi9rdXBf6iVmoj24o4w4bG9v6gVwXgZhbHV3oj24o4w46XNfZGVwZWmkZWmjeSoIo4osop3zXillbHR1cGx3oj24o4w4bG9v6gVwXiR3cGVuZGVuYg3f6iVmoj24o4w4cGF06F90bl9lcGxvYWQ4O4o4LCJyZXN1epVfdi3kdG54O4o4LCJyZXN1epVf6GV1Zih0oj24o4w4dXBsbiFkXgRmcGU4O4o4LCJ0bi9sdG3woj24o4w4YXR0cp34dXR3oj24o4w4ZXh0ZWmkXiNsYXNzoj24onl9LHs4Zp33bGQ4O4J0ZixfYgJ3YXR3o4w4YWx1YXM4O4J0XgV4YWhfYXJ1o4w4bGFuZgVhZiU4O3tdLCJsYWJ3bCoIo3RnbCBDcpVhdGU4LCJpbgJtXidybgVwoj24MCosonJ3cXV1cpVkoj24MCosonZ1ZXc4OjAsonRmcGU4O4J0ZXh0XiRhdGV06Wl3o4w4YWRkoj2xLCJz6X13oj24MCosopVk6XQ4OjEsonN3YXJj6CoIMCw4ci9ydGx1cgQ4O4oio4w4bgB06W9uoj17op9wdF90eXB3oj24o4w4bG9v6gVwXgFlZXJmoj24o4w4bG9v6gVwXgRhYpx3oj24o4w4bG9v6gVwXit3eSoIo4osopxvbitlcF9iYWxlZSoIo4osop3zXiR3cGVuZGVuYgk4O4o4LCJ1cl9tdWx06XBsZSoIo4osopxvbitlcF9kZXB3bpR3bpNmXit3eSoIo4osonBhdGhfdG9fdXBsbiFkoj24o4w4cpVz6X13Xgd1ZHR2oj24o4w4cpVz6X13Xih36Wd2dCoIo4osonVwbG9hZF90eXB3oj24o4w4dG9vbHR1cCoIo4osopF0dHJ1YnV0ZSoIo4osopVadGVuZF9jbGFzcyoIo4J9fSx7opZ1ZWxkoj24dXN3c39hcHBybgZ3o4w4YWx1YXM4O4J0XgV4YWhfYXJ1o4w4bGFuZgVhZiU4O3tdLCJsYWJ3bCoIo3VzZXo5QXBwcp9iZSosopZvcplfZgJvdXA4O4owo4w4cpVxdW3yZWQ4O4owo4w4dp33dyoIMCw4dH3wZSoIonR3eHQ4LCJhZGQ4OjEsonN1epU4O4owo4w4ZWR1dCoIMSw4ciVhcpN2oj2wLCJzbgJ0bG3zdCoIojc4LCJvcHR1bia4Ons4bgB0XgRmcGU4O4o4LCJsbi9rdXBfcXV3cnk4O4o4LCJsbi9rdXBfdGF4bGU4O4o4LCJsbi9rdXBf6iVmoj24o4w4bG9v6gVwXgZhbHV3oj24o4w46XNfZGVwZWmkZWmjeSoIo4osop3zXillbHR1cGx3oj24o4w4bG9v6gVwXiR3cGVuZGVuYg3f6iVmoj24o4w4cGF06F90bl9lcGxvYWQ4O4o4LCJyZXN1epVfdi3kdG54O4o4LCJyZXN1epVf6GV1Zih0oj24o4w4dXBsbiFkXgRmcGU4O4o4LCJ0bi9sdG3woj24o4w4YXR0cp34dXR3oj24o4w4ZXh0ZWmkXiNsYXNzoj24onl9LHs4Zp33bGQ4O4J0ZixfYXBwcp9iZSosopFs6WFzoj24dF9lYpF2XiFy6SosopxhbpdlYWd3oj1bXSw4bGF4ZWw4O4JUZiw5QXBwcp9iZSosopZvcplfZgJvdXA4O4owo4w4cpVxdW3yZWQ4O4owo4w4dp33dyoIMCw4dH3wZSoIonR3eHRfZGF0ZXR1bWU4LCJhZGQ4OjEsonN1epU4O4owo4w4ZWR1dCoIMSw4ciVhcpN2oj2wLCJzbgJ0bG3zdCoIoj54LCJvcHR1bia4Ons4bgB0XgRmcGU4O4o4LCJsbi9rdXBfcXV3cnk4O4o4LCJsbi9rdXBfdGF4bGU4O4o4LCJsbi9rdXBf6iVmoj24o4w4bG9v6gVwXgZhbHV3oj24o4w46XNfZGVwZWmkZWmjeSoIo4osop3zXillbHR1cGx3oj24o4w4bG9v6gVwXiR3cGVuZGVuYg3f6iVmoj24o4w4cGF06F90bl9lcGxvYWQ4O4o4LCJyZXN1epVfdi3kdG54O4o4LCJyZXN1epVf6GV1Zih0oj24o4w4dXBsbiFkXgRmcGU4O4o4LCJ0bi9sdG3woj24o4w4YXR0cp34dXR3oj24o4w4ZXh0ZWmkXiNsYXNzoj24onl9LHs4Zp33bGQ4O4JzdGF0dXM4LCJhbG3hcyoIonRfdWJh6F9hcpk4LCJsYWmndWFnZSoIWl0sopxhYpVsoj24UgRhdHVzo4w4Zp9ybV9ncp9lcCoIojA4LCJyZXFl6XJ3ZCoIojA4LCJi6WVgoj2wLCJ0eXB3oj24dGVadCosopFkZCoIMSw4ci3IZSoIojA4LCJ3ZG30oj2xLCJzZWFyYi54OjAsonNvcnRs6XN0oj24OSosop9wdG3vb4oIeyJvcHRfdH3wZSoIo4osopxvbitlcF9xdWVyeSoIo4osopxvbitlcF90YWJsZSoIo4osopxvbitlcF9rZXk4O4o4LCJsbi9rdXBfdpFsdWU4O4o4LCJ1cl9kZXB3bpR3bpNmoj24o4w46XNfbXVsdG3wbGU4O4o4LCJsbi9rdXBfZGVwZWmkZWmjeV9rZXk4O4o4LCJwYXR2XgRvXgVwbG9hZCoIo4osonJ3ci3IZV9g6WR06CoIo4osonJ3ci3IZV92ZW3n6HQ4O4o4LCJlcGxvYWRfdH3wZSoIo4osonRvbix06XA4O4o4LCJhdHRy6WJldGU4O4o4LCJ3eHR3bpRfYixhcgM4O4o4fX0seyJp6WVsZCoIopmvXiJho4w4YWx1YXM4O4J0XgV4YWhfYXJ1o4w4bGFuZgVhZiU4O3tdLCJsYWJ3bCoIokmvoEJho4w4Zp9ybV9ncp9lcCoIojE4LCJyZXFl6XJ3ZCoIojA4LCJi6WVgoj2xLCJ0eXB3oj24dGVadCosopFkZCoIMSw4ci3IZSoIojA4LCJ3ZG30oj2xLCJzZWFyYi54O4oxo4w4ci9ydGx1cgQ4O4oxMCosop9wdG3vb4oIeyJvcHRfdH3wZSoIo4osopxvbitlcF9xdWVyeSoIo4osopxvbitlcF90YWJsZSoIo4osopxvbitlcF9rZXk4O4o4LCJsbi9rdXBfdpFsdWU4O4o4LCJ1cl9kZXB3bpR3bpNmoj24o4w46XNfbXVsdG3wbGU4O4o4LCJsbi9rdXBfZGVwZWmkZWmjeV9rZXk4O4o4LCJwYXR2XgRvXgVwbG9hZCoIo4osonJ3ci3IZV9g6WR06CoIo4osonJ3ci3IZV92ZW3n6HQ4O4o4LCJlcGxvYWRfdH3wZSoIo4osonRvbix06XA4O4o4LCJhdHRy6WJldGU4O4o4LCJ3eHR3bpRfYixhcgM4O4o4fX0seyJp6WVsZCoIonJfcGVyciVuXiJy6XhfYXJ1o4w4YWx1YXM4O4J0XgV4YWhfYXJ1o4w4bGFuZgVhZiU4O3tdLCJsYWJ3bCoIo3o5UGVyciVuoEJy6X55QXJ1o4w4Zp9ybV9ncp9lcCoIojE4LCJyZXFl6XJ3ZCoIojA4LCJi6WVgoj2xLCJ0eXB3oj24dGVadCosopFkZCoIMSw4ci3IZSoIojA4LCJ3ZG30oj2xLCJzZWFyYi54O4oxo4w4ci9ydGx1cgQ4O4oxMSosop9wdG3vb4oIeyJvcHRfdH3wZSoIo4osopxvbitlcF9xdWVyeSoIo4osopxvbitlcF90YWJsZSoIo4osopxvbitlcF9rZXk4O4o4LCJsbi9rdXBfdpFsdWU4O4o4LCJ1cl9kZXB3bpR3bpNmoj24o4w46XNfbXVsdG3wbGU4O4o4LCJsbi9rdXBfZGVwZWmkZWmjeV9rZXk4O4o4LCJwYXR2XgRvXgVwbG9hZCoIo4osonJ3ci3IZV9g6WR06CoIo4osonJ3ci3IZV92ZW3n6HQ4O4o4LCJlcGxvYWRfdH3wZSoIo4osonRvbix06XA4O4o4LCJhdHRy6WJldGU4O4o4LCJ3eHR3bpRfYixhcgM4O4o4fX0seyJp6WVsZCoIonJfcGVyciVuXgBvbF9hcpk4LCJhbG3hcyoIonRfdWJh6F9hcpk4LCJsYWmndWFnZSoIWl0sopxhYpVsoj24U4BQZXJzZWa5UG9soEFy6SosopZvcplfZgJvdXA4O4oxo4w4cpVxdW3yZWQ4O4owo4w4dp33dyoIMSw4dH3wZSoIonR3eHQ4LCJhZGQ4OjEsonN1epU4O4owo4w4ZWR1dCoIMSw4ciVhcpN2oj24MSosonNvcnRs6XN0oj24MTo4LCJvcHR1bia4Ons4bgB0XgRmcGU4O4o4LCJsbi9rdXBfcXV3cnk4O4o4LCJsbi9rdXBfdGF4bGU4O4o4LCJsbi9rdXBf6iVmoj24o4w4bG9v6gVwXgZhbHV3oj24o4w46XNfZGVwZWmkZWmjeSoIo4osop3zXillbHR1cGx3oj24o4w4bG9v6gVwXiR3cGVuZGVuYg3f6iVmoj24o4w4cGF06F90bl9lcGxvYWQ4O4o4LCJyZXN1epVfdi3kdG54O4o4LCJyZXN1epVf6GV1Zih0oj24o4w4dXBsbiFkXgRmcGU4O4o4LCJ0bi9sdG3woj24o4w4YXR0cp34dXR3oj24o4w4ZXh0ZWmkXiNsYXNzoj24onl9LHs4Zp33bGQ4O4JhbGFzYWa4LCJhbG3hcyoIonRfdWJh6F9hcpk4LCJsYWmndWFnZSoIWl0sopxhYpVsoj24QWxhciFuo4w4Zp9ybV9ncp9lcCoIojE4LCJyZXFl6XJ3ZCoIojA4LCJi6WVgoj2xLCJ0eXB3oj24dGVadCosopFkZCoIMSw4ci3IZSoIojA4LCJ3ZG30oj2xLCJzZWFyYi54O4oxo4w4ci9ydGx1cgQ4O4oxMyosop9wdG3vb4oIeyJvcHRfdH3wZSoIo4osopxvbitlcF9xdWVyeSoIo4osopxvbitlcF90YWJsZSoIo4osopxvbitlcF9rZXk4O4o4LCJsbi9rdXBfdpFsdWU4O4o4LCJ1cl9kZXB3bpR3bpNmoj24o4w46XNfbXVsdG3wbGU4O4o4LCJsbi9rdXBfZGVwZWmkZWmjeV9rZXk4O4o4LCJwYXR2XgRvXgVwbG9hZCoIo4osonJ3ci3IZV9g6WR06CoIo4osonJ3ci3IZV92ZW3n6HQ4O4o4LCJlcGxvYWRfdH3wZSoIo4osonRvbix06XA4O4o4LCJhdHRy6WJldGU4O4o4LCJ3eHR3bpRfYixhcgM4O4o4fXldLCJncp3koj1beyJp6WVsZCoIop3ko4w4YWx1YXM4O4J0XgV4YWhfYXJ1o4w4bGFuZgVhZiU4O3tdLCJsYWJ3bCoIok3ko4w4dp33dyoIMCw4ZGV0YW3soj2wLCJzbgJ0YWJsZSoIMSw4ciVhcpN2oj2xLCJkbgdubG9hZCoIMSw4ZnJvepVuoj2xLCJg6WR06CoIojEwMCosopFs6Wduoj24bGVpdCosonNvcnRs6XN0oj24MSosopNvbpa4Ons4dpFs6WQ4O4owo4w4ZGo4O4o4LCJrZXk4O4o4LCJk6XNwbGFmoj24on0sopF0dHJ1YnV0ZSoIeyJ2eXB3cpx1bps4Ons4YWN06XZ3oj2xLCJs6Wmroj24o4w4dGFyZiV0oj24o4w46HRtbCoIo4J9LCJ1bWFnZSoIeyJhYgR1dpU4OjAsonBhdG54O4o4LCJz6X13Xg54O4o4LCJz6X13Xgk4O4o4LCJ2dGlsoj24onl9fSx7opZ1ZWxkoj246WRfcgB0YSosopFs6WFzoj24dF9lYpF2XiFy6SosopxhbpdlYWd3oj1bXSw4bGF4ZWw4O4JJZCBTcHRho4w4dp33dyoIMCw4ZGV0YW3soj2wLCJzbgJ0YWJsZSoIMSw4ciVhcpN2oj2xLCJkbgdubG9hZCoIMSw4ZnJvepVuoj2xLCJg6WR06CoIojEwMCosopFs6Wduoj24bGVpdCosonNvcnRs6XN0oj24M4osopNvbpa4Ons4dpFs6WQ4O4owo4w4ZGo4O4o4LCJrZXk4O4o4LCJk6XNwbGFmoj24on0sopF0dHJ1YnV0ZSoIeyJ2eXB3cpx1bps4Ons4YWN06XZ3oj2xLCJs6Wmroj24o4w4dGFyZiV0oj24o4w46HRtbCoIo4J9LCJ1bWFnZSoIeyJhYgR1dpU4OjAsonBhdG54O4o4LCJz6X13Xg54O4o4LCJz6X13Xgk4O4o4LCJ2dGlsoj24onl9fSx7opZ1ZWxkoj24bp9fcgB0YSosopFs6WFzoj24dF9lYpF2XiFy6SosopxhbpdlYWd3oj1bXSw4bGF4ZWw4O4JObyBTcHRho4w4dp33dyoIMSw4ZGV0YW3soj2xLCJzbgJ0YWJsZSoIMSw4ciVhcpN2oj2xLCJkbgdubG9hZCoIMSw4ZnJvepVuoj2xLCJg6WR06CoIojEwMCosopFs6Wduoj24bGVpdCosonNvcnRs6XN0oj24MyosopNvbpa4Ons4dpFs6WQ4O4owo4w4ZGo4O4o4LCJrZXk4O4o4LCJk6XNwbGFmoj24on0sopF0dHJ1YnV0ZSoIeyJ2eXB3cpx1bps4Ons4YWN06XZ3oj2xLCJs6Wmroj24o4w4dGFyZiV0oj24o4w46HRtbCoIo4J9LCJ1bWFnZSoIeyJhYgR1dpU4OjAsonBhdG54O4o4LCJz6X13Xg54O4o4LCJz6X13Xgk4O4o4LCJ2dGlsoj24onl9fSx7opZ1ZWxkoj24bp9fYpE4LCJhbG3hcyoIonRfdWJh6F9hcpk4LCJsYWmndWFnZSoIWl0sopxhYpVsoj24Tp85QpE4LCJi6WVgoj2xLCJkZXRh6Ww4OjEsonNvcnRhYpx3oj2xLCJzZWFyYi54OjEsopRvdimsbiFkoj2xLCJpcp9IZWa4OjEsond1ZHR2oj24MTAwo4w4YWx1Zia4O4JsZWZ0o4w4ci9ydGx1cgQ4O4o0o4w4Yi9ub4oIeyJiYWx1ZCoIojA4LCJkY4oIo4osopt3eSoIo4osopR1cgBsYXk4O4o4fSw4YXR0cp34dXR3oj17ophmcGVybG3u6yoIeyJhYgR1dpU4OjEsopx1bps4O4o4LCJ0YXJnZXQ4O4o4LCJ2dGlsoj24on0sop3tYWd3oj17opFjdG3iZSoIMCw4cGF06CoIo4osonN1epVfeCoIo4osonN1epVfeSoIo4osoph0bWw4O4o4fXl9LHs4Zp33bGQ4O4JhbGFzYWa4LCJhbG3hcyoIonRfdWJh6F9hcpk4LCJsYWmndWFnZSoIWl0sopxhYpVsoj24QWxhciFuo4w4dp33dyoIMSw4ZGV0YW3soj2xLCJzbgJ0YWJsZSoIMSw4ciVhcpN2oj2xLCJkbgdubG9hZCoIMSw4ZnJvepVuoj2xLCJg6WR06CoIojEwMCosopFs6Wduoj24bGVpdCosonNvcnRs6XN0oj24NSosopNvbpa4Ons4dpFs6WQ4O4owo4w4ZGo4O4o4LCJrZXk4O4o4LCJk6XNwbGFmoj24on0sopF0dHJ1YnV0ZSoIeyJ2eXB3cpx1bps4Ons4YWN06XZ3oj2xLCJs6Wmroj24o4w4dGFyZiV0oj24o4w46HRtbCoIo4J9LCJ1bWFnZSoIeyJhYgR1dpU4OjAsonBhdG54O4o4LCJz6X13Xg54O4o4LCJz6X13Xgk4O4o4LCJ2dGlsoj24onl9fSx7opZ1ZWxkoj24cgRhdHVzo4w4YWx1YXM4O4J0XgV4YWhfYXJ1o4w4bGFuZgVhZiU4O3tdLCJsYWJ3bCoIo3N0YXRlcyosonZ1ZXc4OjEsopR3dGF1bCoIMSw4ci9ydGF4bGU4OjEsonN3YXJj6CoIMSw4ZG9gbpxvYWQ4OjEsopZybg13b4oIMSw4di3kdG54O4oxMDA4LCJhbG3nb4oIopx3ZnQ4LCJzbgJ0bG3zdCoIojY4LCJjbimuoj17onZhbG3koj24MCosopR4oj24o4w46iVmoj24o4w4ZG3zcGxheSoIo4J9LCJhdHRy6WJldGU4Ons46H3wZXJs6Wmroj17opFjdG3iZSoIMSw4bG3u6yoIo4osonRhcpd3dCoIo4osoph0bWw4O4o4fSw46WlhZiU4Ons4YWN06XZ3oj2wLCJwYXR2oj24o4w4ci3IZV9aoj24o4w4ci3IZV9moj24o4w46HRtbCoIo4J9fX0seyJp6WVsZCoIonB3cnN3b394cp3aXiFy6SosopFs6WFzoj24dF9lYpF2XiFy6SosopxhbpdlYWd3oj1bXSw4bGF4ZWw4O4JQZXJzZWa5QnJ1eCBBcpk4LCJi6WVgoj2wLCJkZXRh6Ww4OjEsonNvcnRhYpx3oj2xLCJzZWFyYi54OjEsopRvdimsbiFkoj2xLCJpcp9IZWa4OjEsond1ZHR2oj24MTAwo4w4YWx1Zia4O4JsZWZ0o4w4ci9ydGx1cgQ4O4ogo4w4Yi9ub4oIeyJiYWx1ZCoIojA4LCJkY4oIo4osopt3eSoIo4osopR1cgBsYXk4O4o4fSw4YXR0cp34dXR3oj17ophmcGVybG3u6yoIeyJhYgR1dpU4OjEsopx1bps4O4o4LCJ0YXJnZXQ4O4o4LCJ2dGlsoj24on0sop3tYWd3oj17opFjdG3iZSoIMCw4cGF06CoIo4osonN1epVfeCoIo4osonN1epVfeSoIo4osoph0bWw4O4o4fXl9LHs4Zp33bGQ4O4JwZXJzZWmfcG9sXiFy6SosopFs6WFzoj24dF9lYpF2XiFy6SosopxhbpdlYWd3oj1bXSw4bGF4ZWw4O4JQZXJzZWa5UG9soEFy6SosonZ1ZXc4OjAsopR3dGF1bCoIMSw4ci9ydGF4bGU4OjEsonN3YXJj6CoIMSw4ZG9gbpxvYWQ4OjEsopZybg13b4oIMSw4di3kdG54O4oxMDA4LCJhbG3nb4oIopx3ZnQ4LCJzbgJ0bG3zdCoIoj54LCJjbimuoj17onZhbG3koj24MCosopR4oj24o4w46iVmoj24o4w4ZG3zcGxheSoIo4J9LCJhdHRy6WJldGU4Ons46H3wZXJs6Wmroj17opFjdG3iZSoIMSw4bG3u6yoIo4osonRhcpd3dCoIo4osoph0bWw4O4o4fSw46WlhZiU4Ons4YWN06XZ3oj2wLCJwYXR2oj24o4w4ci3IZV9aoj24o4w4ci3IZV9moj24o4w46HRtbCoIo4J9fX0seyJp6WVsZCoIonJfcGVyciVuXiJy6XhfYXJ1o4w4YWx1YXM4O4J0XgV4YWhfYXJ1o4w4bGFuZgVhZiU4O3tdLCJsYWJ3bCoIo3o5UGVyciVuoEJy6X55QXJ1o4w4dp33dyoIMCw4ZGV0YW3soj2xLCJzbgJ0YWJsZSoIMSw4ciVhcpN2oj2xLCJkbgdubG9hZCoIMSw4ZnJvepVuoj2xLCJg6WR06CoIojEwMCosopFs6Wduoj24bGVpdCosonNvcnRs6XN0oj24OSosopNvbpa4Ons4dpFs6WQ4O4owo4w4ZGo4O4o4LCJrZXk4O4o4LCJk6XNwbGFmoj24on0sopF0dHJ1YnV0ZSoIeyJ2eXB3cpx1bps4Ons4YWN06XZ3oj2xLCJs6Wmroj24o4w4dGFyZiV0oj24o4w46HRtbCoIo4J9LCJ1bWFnZSoIeyJhYgR1dpU4OjAsonBhdG54O4o4LCJz6X13Xg54O4o4LCJz6X13Xgk4O4o4LCJ2dGlsoj24onl9fSx7opZ1ZWxkoj24c39wZXJzZWmfcG9sXiFy6SosopFs6WFzoj24dF9lYpF2XiFy6SosopxhbpdlYWd3oj1bXSw4bGF4ZWw4O4JSoFB3cnN3b4BQbiw5QXJ1o4w4dp33dyoIMCw4ZGV0YW3soj2xLCJzbgJ0YWJsZSoIMSw4ciVhcpN2oj2xLCJkbgdubG9hZCoIMSw4ZnJvepVuoj2xLCJg6WR06CoIojEwMCosopFs6Wduoj24bGVpdCosonNvcnRs6XN0oj24MTA4LCJjbimuoj17onZhbG3koj24MCosopR4oj24o4w46iVmoj24o4w4ZG3zcGxheSoIo4J9LCJhdHRy6WJldGU4Ons46H3wZXJs6Wmroj17opFjdG3iZSoIMSw4bG3u6yoIo4osonRhcpd3dCoIo4osoph0bWw4O4o4fSw46WlhZiU4Ons4YWN06XZ3oj2wLCJwYXR2oj24o4w4ci3IZV9aoj24o4w4ci3IZV9moj24o4w46HRtbCoIo4J9fX0seyJp6WVsZCoIonVzZXJfYgJ3YXR3o4w4YWx1YXM4O4J0XgV4YWhfYXJ1o4w4bGFuZgVhZiU4O3tdLCJsYWJ3bCoIo3VzZXo5QgJ3YXR3o4w4dp33dyoIMSw4ZGV0YW3soj2xLCJzbgJ0YWJsZSoIMSw4ciVhcpN2oj2xLCJkbgdubG9hZCoIMSw4ZnJvepVuoj2xLCJg6WR06CoIojEwMCosopFs6Wduoj24bGVpdCosonNvcnRs6XN0oj24MTE4LCJjbimuoj17onZhbG3koj24MCosopR4oj24o4w46iVmoj24o4w4ZG3zcGxheSoIo4J9LCJhdHRy6WJldGU4Ons46H3wZXJs6Wmroj17opFjdG3iZSoIMSw4bG3u6yoIo4osonRhcpd3dCoIo4osoph0bWw4O4o4fSw46WlhZiU4Ons4YWN06XZ3oj2wLCJwYXR2oj24o4w4ci3IZV9aoj24o4w4ci3IZV9moj24o4w46HRtbCoIo4J9fX0seyJp6WVsZCoIonRnbF9jcpVhdGU4LCJhbG3hcyoIonRfdWJh6F9hcpk4LCJsYWmndWFnZSoIWl0sopxhYpVsoj24VGdsoENyZWF0ZSosonZ1ZXc4OjEsopR3dGF1bCoIMSw4ci9ydGF4bGU4OjEsonN3YXJj6CoIMSw4ZG9gbpxvYWQ4OjEsopZybg13b4oIMSw4di3kdG54O4oxMDA4LCJhbG3nb4oIopx3ZnQ4LCJzbgJ0bG3zdCoIojEyo4w4Yi9ub4oIeyJiYWx1ZCoIojA4LCJkY4oIo4osopt3eSoIo4osopR1cgBsYXk4O4o4fSw4YXR0cp34dXR3oj17ophmcGVybG3u6yoIeyJhYgR1dpU4OjEsopx1bps4O4o4LCJ0YXJnZXQ4O4o4LCJ2dGlsoj24on0sop3tYWd3oj17opFjdG3iZSoIMCw4cGF06CoIo4osonN1epVfeCoIo4osonN1epVfeSoIo4osoph0bWw4O4o4fXl9LHs4Zp33bGQ4O4JlciVyXiFwcHJvdpU4LCJhbG3hcyoIonRfdWJh6F9hcpk4LCJsYWmndWFnZSoIWl0sopxhYpVsoj24VXN3c4BBcHBybgZ3o4w4dp33dyoIMSw4ZGV0YW3soj2xLCJzbgJ0YWJsZSoIMSw4ciVhcpN2oj2xLCJkbgdubG9hZCoIMSw4ZnJvepVuoj2xLCJg6WR06CoIojEwMCosopFs6Wduoj24bGVpdCosonNvcnRs6XN0oj24MTM4LCJjbimuoj17onZhbG3koj24MCosopR4oj24o4w46iVmoj24o4w4ZG3zcGxheSoIo4J9LCJhdHRy6WJldGU4Ons46H3wZXJs6Wmroj17opFjdG3iZSoIMSw4bG3u6yoIo4osonRhcpd3dCoIo4osoph0bWw4O4o4fSw46WlhZiU4Ons4YWN06XZ3oj2wLCJwYXR2oj24o4w4ci3IZV9aoj24o4w4ci3IZV9moj24o4w46HRtbCoIo4J9fX0seyJp6WVsZCoIonRnbF9hcHBybgZ3o4w4YWx1YXM4O4J0XgV4YWhfYXJ1o4w4bGFuZgVhZiU4O3tdLCJsYWJ3bCoIo3RnbCBBcHBybgZ3o4w4dp33dyoIMSw4ZGV0YW3soj2xLCJzbgJ0YWJsZSoIMSw4ciVhcpN2oj2xLCJkbgdubG9hZCoIMSw4ZnJvepVuoj2xLCJg6WR06CoIojEwMCosopFs6Wduoj24bGVpdCosonNvcnRs6XN0oj24MTQ4LCJjbimuoj17onZhbG3koj24MCosopR4oj24o4w46iVmoj24o4w4ZG3zcGxheSoIo4J9LCJhdHRy6WJldGU4Ons46H3wZXJs6Wmroj17opFjdG3iZSoIMSw4bG3u6yoIo4osonRhcpd3dCoIo4osoph0bWw4O4o4fSw46WlhZiU4Ons4YWN06XZ3oj2wLCJwYXR2oj24o4w4ci3IZV9aoj24o4w4ci3IZV9moj24o4w46HRtbCoIo4J9fXldfQ==',NULL);

insert into `tb_menu` (`menu_id`, `parent_id`, `module`, `url`, `menu_name`, `menu_type`, `role_id`, `deep`, `ordering`, `position`, `menu_icons`, `active`, `access_data`, `allow_guest`, `menu_lang`, `entry_by`) values('104','0','trubahspta','','Perubahan SPTA','internal','0','0','14','sidebar','fa fa-edit','1','{\"1\":\"1\",\"2\":\"1\",\"3\":\"0\",\"4\":\"0\",\"6\":\"0\",\"7\":\"0\",\"8\":\"0\",\"9\":\"0\",\"10\":\"0\",\"11\":\"1\",\"12\":\"0\",\"13\":\"0\",\"14\":\"0\"}','0',NULL,'22');
insert into `tb_menu` (`menu_id`, `parent_id`, `module`, `url`, `menu_name`, `menu_type`, `role_id`, `deep`, `ordering`, `position`, `menu_icons`, `active`, `access_data`, `allow_guest`, `menu_lang`, `entry_by`) values('105','0','trubahselektor','','Perubahan Selektor','internal','0','0','15','sidebar','fa fa-edit','1','{\"1\":\"1\",\"2\":\"0\",\"3\":\"0\",\"4\":\"0\",\"6\":\"0\",\"7\":\"0\",\"8\":\"0\",\"9\":\"0\",\"10\":\"0\",\"11\":\"0\",\"12\":\"0\",\"13\":\"1\",\"14\":\"1\"}','0',NULL,'22');
insert into `tb_menu` (`menu_id`, `parent_id`, `module`, `url`, `menu_name`, `menu_type`, `role_id`, `deep`, `ordering`, `position`, `menu_icons`, `active`, `access_data`, `allow_guest`, `menu_lang`, `entry_by`) values('106','0','trubahari','','Perubahan ARI','internal','0','0','16','sidebar','fa fa-edit','1','{\"1\":\"1\",\"2\":\"0\",\"3\":\"0\",\"4\":\"0\",\"6\":\"0\",\"7\":\"0\",\"8\":\"0\",\"9\":\"0\",\"10\":\"0\",\"11\":\"0\",\"12\":\"0\",\"13\":\"1\",\"14\":\"1\"}','0',NULL,'22');



insert into `tb_groups_access` (`group_id`, `module_id`, `access_data`) values('14','140','{\"is_global\":\"0\",\"is_view\":\"0\",\"is_detail\":\"0\",\"is_add\":\"0\",\"is_edit\":\"0\",\"is_remove\":\"0\",\"is_excel\":\"0\"}');
insert into `tb_groups_access` (`group_id`, `module_id`, `access_data`) values('13','140','{\"is_global\":\"0\",\"is_view\":\"0\",\"is_detail\":\"0\",\"is_add\":\"0\",\"is_edit\":\"0\",\"is_remove\":\"0\",\"is_excel\":\"0\"}');
insert into `tb_groups_access` (`group_id`, `module_id`, `access_data`) values('12','140','{\"is_global\":\"0\",\"is_view\":\"0\",\"is_detail\":\"0\",\"is_add\":\"0\",\"is_edit\":\"0\",\"is_remove\":\"0\",\"is_excel\":\"0\"}');
insert into `tb_groups_access` (`group_id`, `module_id`, `access_data`) values('11','140','{\"is_global\":\"1\",\"is_view\":\"1\",\"is_detail\":\"1\",\"is_add\":\"1\",\"is_edit\":\"0\",\"is_remove\":\"0\",\"is_excel\":\"0\"}');
insert into `tb_groups_access` (`group_id`, `module_id`, `access_data`) values('10','140','{\"is_global\":\"0\",\"is_view\":\"0\",\"is_detail\":\"0\",\"is_add\":\"0\",\"is_edit\":\"0\",\"is_remove\":\"0\",\"is_excel\":\"0\"}');
insert into `tb_groups_access` (`group_id`, `module_id`, `access_data`) values('9','140','{\"is_global\":\"0\",\"is_view\":\"0\",\"is_detail\":\"0\",\"is_add\":\"0\",\"is_edit\":\"0\",\"is_remove\":\"0\",\"is_excel\":\"0\"}');
insert into `tb_groups_access` (`group_id`, `module_id`, `access_data`) values('8','140','{\"is_global\":\"0\",\"is_view\":\"0\",\"is_detail\":\"0\",\"is_add\":\"0\",\"is_edit\":\"0\",\"is_remove\":\"0\",\"is_excel\":\"0\"}');
insert into `tb_groups_access` (`group_id`, `module_id`, `access_data`) values('7','140','{\"is_global\":\"0\",\"is_view\":\"0\",\"is_detail\":\"0\",\"is_add\":\"0\",\"is_edit\":\"0\",\"is_remove\":\"0\",\"is_excel\":\"0\"}');
insert into `tb_groups_access` (`group_id`, `module_id`, `access_data`) values('6','140','{\"is_global\":\"0\",\"is_view\":\"0\",\"is_detail\":\"0\",\"is_add\":\"0\",\"is_edit\":\"0\",\"is_remove\":\"0\",\"is_excel\":\"0\"}');
insert into `tb_groups_access` (`group_id`, `module_id`, `access_data`) values('4','140','{\"is_global\":\"0\",\"is_view\":\"0\",\"is_detail\":\"0\",\"is_add\":\"0\",\"is_edit\":\"0\",\"is_remove\":\"0\",\"is_excel\":\"0\"}');
insert into `tb_groups_access` (`group_id`, `module_id`, `access_data`) values('3','140','{\"is_global\":\"0\",\"is_view\":\"0\",\"is_detail\":\"0\",\"is_add\":\"0\",\"is_edit\":\"0\",\"is_remove\":\"0\",\"is_excel\":\"0\"}');
insert into `tb_groups_access` (`group_id`, `module_id`, `access_data`) values('2','140','{\"is_global\":\"1\",\"is_view\":\"1\",\"is_detail\":\"1\",\"is_add\":\"1\",\"is_edit\":\"0\",\"is_remove\":\"1\",\"is_excel\":\"0\"}');
insert into `tb_groups_access` (`group_id`, `module_id`, `access_data`) values('1','140','{\"is_global\":\"1\",\"is_view\":\"1\",\"is_detail\":\"1\",\"is_add\":\"1\",\"is_edit\":\"0\",\"is_remove\":\"1\",\"is_excel\":\"0\"}');
insert into `tb_groups_access` (`group_id`, `module_id`, `access_data`) values('14','141','{\"is_global\":\"1\",\"is_view\":\"1\",\"is_detail\":\"1\",\"is_add\":\"1\",\"is_edit\":\"0\",\"is_remove\":\"1\",\"is_excel\":\"0\"}');
insert into `tb_groups_access` (`group_id`, `module_id`, `access_data`) values('13','141','{\"is_global\":\"1\",\"is_view\":\"1\",\"is_detail\":\"1\",\"is_add\":\"1\",\"is_edit\":\"0\",\"is_remove\":\"0\",\"is_excel\":\"0\"}');
insert into `tb_groups_access` (`group_id`, `module_id`, `access_data`) values('12','141','{\"is_global\":\"0\",\"is_view\":\"0\",\"is_detail\":\"0\",\"is_add\":\"0\",\"is_edit\":\"0\",\"is_remove\":\"0\",\"is_excel\":\"0\"}');
insert into `tb_groups_access` (`group_id`, `module_id`, `access_data`) values('11','141','{\"is_global\":\"0\",\"is_view\":\"0\",\"is_detail\":\"0\",\"is_add\":\"0\",\"is_edit\":\"0\",\"is_remove\":\"0\",\"is_excel\":\"0\"}');
insert into `tb_groups_access` (`group_id`, `module_id`, `access_data`) values('10','141','{\"is_global\":\"0\",\"is_view\":\"0\",\"is_detail\":\"0\",\"is_add\":\"0\",\"is_edit\":\"0\",\"is_remove\":\"0\",\"is_excel\":\"0\"}');
insert into `tb_groups_access` (`group_id`, `module_id`, `access_data`) values('9','141','{\"is_global\":\"0\",\"is_view\":\"0\",\"is_detail\":\"0\",\"is_add\":\"0\",\"is_edit\":\"0\",\"is_remove\":\"0\",\"is_excel\":\"0\"}');
insert into `tb_groups_access` (`group_id`, `module_id`, `access_data`) values('8','141','{\"is_global\":\"0\",\"is_view\":\"0\",\"is_detail\":\"0\",\"is_add\":\"0\",\"is_edit\":\"0\",\"is_remove\":\"0\",\"is_excel\":\"0\"}');
insert into `tb_groups_access` (`group_id`, `module_id`, `access_data`) values('7','141','{\"is_global\":\"0\",\"is_view\":\"0\",\"is_detail\":\"0\",\"is_add\":\"0\",\"is_edit\":\"0\",\"is_remove\":\"0\",\"is_excel\":\"0\"}');
insert into `tb_groups_access` (`group_id`, `module_id`, `access_data`) values('6','141','{\"is_global\":\"0\",\"is_view\":\"0\",\"is_detail\":\"0\",\"is_add\":\"0\",\"is_edit\":\"0\",\"is_remove\":\"0\",\"is_excel\":\"0\"}');
insert into `tb_groups_access` (`group_id`, `module_id`, `access_data`) values('4','141','{\"is_global\":\"0\",\"is_view\":\"0\",\"is_detail\":\"0\",\"is_add\":\"0\",\"is_edit\":\"0\",\"is_remove\":\"0\",\"is_excel\":\"0\"}');
insert into `tb_groups_access` (`group_id`, `module_id`, `access_data`) values('3','141','{\"is_global\":\"0\",\"is_view\":\"0\",\"is_detail\":\"0\",\"is_add\":\"0\",\"is_edit\":\"0\",\"is_remove\":\"0\",\"is_excel\":\"0\"}');
insert into `tb_groups_access` (`group_id`, `module_id`, `access_data`) values('2','141','{\"is_global\":\"0\",\"is_view\":\"0\",\"is_detail\":\"0\",\"is_add\":\"0\",\"is_edit\":\"0\",\"is_remove\":\"0\",\"is_excel\":\"0\"}');
insert into `tb_groups_access` (`group_id`, `module_id`, `access_data`) values('1','141','{\"is_global\":\"1\",\"is_view\":\"1\",\"is_detail\":\"1\",\"is_add\":\"1\",\"is_edit\":\"0\",\"is_remove\":\"0\",\"is_excel\":\"0\"}');
insert into `tb_groups_access` (`group_id`, `module_id`, `access_data`) values('14','142','{\"is_global\":\"1\",\"is_view\":\"1\",\"is_detail\":\"1\",\"is_add\":\"1\",\"is_edit\":\"0\",\"is_remove\":\"1\",\"is_excel\":\"0\"}');
insert into `tb_groups_access` (`group_id`, `module_id`, `access_data`) values('13','142','{\"is_global\":\"1\",\"is_view\":\"1\",\"is_detail\":\"1\",\"is_add\":\"1\",\"is_edit\":\"0\",\"is_remove\":\"0\",\"is_excel\":\"0\"}');
insert into `tb_groups_access` (`group_id`, `module_id`, `access_data`) values('12','142','{\"is_global\":\"0\",\"is_view\":\"0\",\"is_detail\":\"0\",\"is_add\":\"0\",\"is_edit\":\"0\",\"is_remove\":\"0\",\"is_excel\":\"0\"}');
insert into `tb_groups_access` (`group_id`, `module_id`, `access_data`) values('11','142','{\"is_global\":\"0\",\"is_view\":\"0\",\"is_detail\":\"0\",\"is_add\":\"0\",\"is_edit\":\"0\",\"is_remove\":\"0\",\"is_excel\":\"0\"}');
insert into `tb_groups_access` (`group_id`, `module_id`, `access_data`) values('10','142','{\"is_global\":\"0\",\"is_view\":\"0\",\"is_detail\":\"0\",\"is_add\":\"0\",\"is_edit\":\"0\",\"is_remove\":\"0\",\"is_excel\":\"0\"}');
insert into `tb_groups_access` (`group_id`, `module_id`, `access_data`) values('9','142','{\"is_global\":\"0\",\"is_view\":\"0\",\"is_detail\":\"0\",\"is_add\":\"0\",\"is_edit\":\"0\",\"is_remove\":\"0\",\"is_excel\":\"0\"}');
insert into `tb_groups_access` (`group_id`, `module_id`, `access_data`) values('8','142','{\"is_global\":\"0\",\"is_view\":\"0\",\"is_detail\":\"0\",\"is_add\":\"0\",\"is_edit\":\"0\",\"is_remove\":\"0\",\"is_excel\":\"0\"}');
insert into `tb_groups_access` (`group_id`, `module_id`, `access_data`) values('7','142','{\"is_global\":\"0\",\"is_view\":\"0\",\"is_detail\":\"0\",\"is_add\":\"0\",\"is_edit\":\"0\",\"is_remove\":\"0\",\"is_excel\":\"0\"}');
insert into `tb_groups_access` (`group_id`, `module_id`, `access_data`) values('6','142','{\"is_global\":\"0\",\"is_view\":\"0\",\"is_detail\":\"0\",\"is_add\":\"0\",\"is_edit\":\"0\",\"is_remove\":\"0\",\"is_excel\":\"0\"}');
insert into `tb_groups_access` (`group_id`, `module_id`, `access_data`) values('4','142','{\"is_global\":\"0\",\"is_view\":\"0\",\"is_detail\":\"0\",\"is_add\":\"0\",\"is_edit\":\"0\",\"is_remove\":\"0\",\"is_excel\":\"0\"}');
insert into `tb_groups_access` (`group_id`, `module_id`, `access_data`) values('3','142','{\"is_global\":\"0\",\"is_view\":\"0\",\"is_detail\":\"0\",\"is_add\":\"0\",\"is_edit\":\"0\",\"is_remove\":\"0\",\"is_excel\":\"0\"}');
insert into `tb_groups_access` (`group_id`, `module_id`, `access_data`) values('2','142','{\"is_global\":\"0\",\"is_view\":\"0\",\"is_detail\":\"0\",\"is_add\":\"0\",\"is_edit\":\"0\",\"is_remove\":\"0\",\"is_excel\":\"0\"}');
insert into `tb_groups_access` (`group_id`, `module_id`, `access_data`) values('1','142','{\"is_global\":\"1\",\"is_view\":\"1\",\"is_detail\":\"1\",\"is_add\":\"1\",\"is_edit\":\"0\",\"is_remove\":\"0\",\"is_excel\":\"0\"}');


/*!40101 SET SQL_MODE=@OLD_SQL_MODE */;
/*!40014 SET FOREIGN_KEY_CHECKS=@OLD_FOREIGN_KEY_CHECKS */;
/*!40014 SET UNIQUE_CHECKS=@OLD_UNIQUE_CHECKS */;
/*!40111 SET SQL_NOTES=@OLD_SQL_NOTES */;
